{"stats":{"minecraft:broken":{"minecraft:wooden_axe":1,"minecraft:wooden_pickaxe":1},"minecraft:mined":{"minecraft:acacia_leaves":11,"minecraft:acacia_sapling":1,"minecraft:iron_ore":3,"minecraft:acacia_stairs":5,"minecraft:short_grass":53,"minecraft:acacia_log":51,"minecraft:grass_block":33,"minecraft:coal_ore":15,"minecraft:dirt":22,"minecraft:tall_grass":4,"minecraft:acacia_planks":14,"minecraft:acacia_slab":1,"minecraft:stone":11,"minecraft:wall_torch":1},"minecraft:used":{"minecraft:wooden_axe":61,"minecraft:acacia_stairs":29,"minecraft:acacia_log":4,"minecraft:acacia_door":3,"minecraft:stone_pickaxe":26,"minecraft:acacia_slab":32,"minecraft:wooden_pickaxe":42,"minecraft:torch":13,"minecraft:dirt":15,"minecraft:cobblestone":5,"minecraft:crafting_table":1,"minecraft:acacia_sapling":8,"minecraft:acacia_planks":128},"minecraft:custom":{"minecraft:time_since_rest":30989,"minecraft:sprint_one_cm":35262,"minecraft:damage_taken":155,"minecraft:walk_one_cm":137671,"minecraft:mob_kills":4,"minecraft:damage_dealt":400,"minecraft:interact_with_crafting_table":16,"minecraft:fly_one_cm":7212,"minecraft:crouch_one_cm":3706,"minecraft:play_time":30989,"minecraft:sneak_time":1729,"minecraft:walk_under_water_one_cm":1878,"minecraft:jump":245,"minecraft:leave_game":1,"minecraft:walk_on_water_one_cm":2896,"minecraft:time_since_death":30989,"minecraft:total_world_time":30989,"minecraft:fall_one_cm":6131},"minecraft:crafted":{"minecraft:crafting_table":1,"minecraft:stick":4,"minecraft:acacia_slab":30,"minecraft:wooden_pickaxe":1,"minecraft:stone_pickaxe":1,"minecraft:wooden_axe":1,"minecraft:acacia_door":3,"minecraft:acacia_planks":184,"minecraft:torch":24,"minecraft:acacia_stairs":24},"minecraft:picked_up":{"minecraft:stick":8,"minecraft:raw_iron":3,"minecraft:torch":1,"minecraft:acacia_log":51,"minecraft:porkchop":10,"minecraft:acacia_stairs":5,"minecraft:dirt":55,"minecraft:acacia_door":1,"minecraft:acacia_planks":14,"minecraft:wheat_seeds":5,"minecraft:acacia_slab":2,"minecraft:coal":15,"minecraft:acacia_sapling":9,"minecraft:cobblestone":11},"minecraft:killed":{"minecraft:pig":4}},"DataVersion":3953}