{"stats":{"minecraft:broken":{"minecraft:wooden_axe":2,"minecraft:wooden_pickaxe":1,"minecraft:iron_pickaxe":5,"minecraft:wooden_hoe":1},"minecraft:mined":{"minecraft:waxed_cut_copper_slab":1,"minecraft:white_bed":3,"minecraft:farmland":34,"minecraft:cobblestone_stairs":9,"minecraft:potted_dead_bush":2,"minecraft:granite":66,"minecraft:acacia_log":147,"minecraft:grass_block":361,"minecraft:white_concrete":1,"minecraft:oak_pressure_plate":2,"minecraft:chiseled_tuff_bricks":3,"minecraft:tuff_bricks":30,"minecraft:spawner":1,"minecraft:tall_seagrass":1,"minecraft:iron_ore":172,"minecraft:cobbled_deepslate":17,"minecraft:fire":4,"minecraft:polished_tuff":5,"minecraft:deepslate_lapis_ore":11,"minecraft:cave_vines":1,"minecraft:polished_tuff_slab":2,"minecraft:waxed_cut_copper":1,"minecraft:brown_mushroom":1,"minecraft:torch":12,"minecraft:poppy":1,"minecraft:chest":4,"minecraft:cobblestone":35,"minecraft:wall_torch":59,"minecraft:seagrass":1,"minecraft:waxed_copper_bulb":6,"minecraft:red_candle":1,"minecraft:acacia_sapling":1,"minecraft:waxed_oxidized_copper_trapdoor":2,"minecraft:birch_log":36,"minecraft:wheat":356,"minecraft:waxed_copper_block":3,"minecraft:oak_log":1,"minecraft:waxed_oxidized_copper":4,"minecraft:acacia_fence":188,"minecraft:sand":70,"minecraft:dirt":122,"minecraft:oak_leaves":3,"minecraft:deepslate":529,"minecraft:tuff":32,"minecraft:mossy_cobblestone":3,"minecraft:deepslate_diamond_ore":37,"minecraft:candle":3,"minecraft:waxed_oxidized_chiseled_copper":1,"minecraft:ladder":5,"minecraft:decorated_pot":25,"minecraft:acacia_slab":6,"minecraft:mangrove_propagule":1,"minecraft:sandstone":10,"minecraft:hay_block":14,"minecraft:waxed_oxidized_cut_copper":3,"minecraft:furnace":3,"minecraft:acacia_trapdoor":1,"minecraft:waxed_copper_grate":4,"minecraft:acacia_stairs":19,"minecraft:andesite":35,"minecraft:chiseled_tuff":3,"minecraft:deepslate_iron_ore":71,"minecraft:cobblestone_slab":5,"minecraft:rail":1,"minecraft:waxed_weathered_copper_bulb":4,"minecraft:stone":321,"minecraft:acacia_leaves":33,"minecraft:dandelion":2,"minecraft:crafting_table":12,"minecraft:short_grass":607,"minecraft:tall_grass":41,"minecraft:copper_ore":49,"minecraft:red_glazed_terracotta":2,"minecraft:lapis_ore":12,"minecraft:deepslate_gold_ore":52,"minecraft:diorite":24,"minecraft:black_stained_glass":1,"minecraft:birch_planks":1,"minecraft:acacia_fence_gate":1,"minecraft:waxed_oxidized_copper_grate":4,"minecraft:white_wall_banner":1,"minecraft:coal_ore":157,"minecraft:flower_pot":4,"minecraft:gravel":19,"minecraft:cobweb":25,"minecraft:acacia_planks":52,"minecraft:gold_ore":15},"minecraft:killed_by":{"minecraft:creeper":1,"minecraft:player":1,"minecraft:skeleton":1},"minecraft:custom":{"minecraft:interact_with_crafting_table":182,"minecraft:open_barrel":10,"minecraft:bell_ring":4,"minecraft:leave_game":10,"minecraft:time_since_death":13562,"minecraft:sprint_one_cm":2253607,"minecraft:damage_blocked_by_shield":1003,"minecraft:drop":183,"minecraft:talked_to_villager":2,"minecraft:play_time":796433,"minecraft:deaths":6,"minecraft:jump":7820,"minecraft:interact_with_brewingstand":1,"minecraft:walk_on_water_one_cm":173886,"minecraft:interact_with_furnace":210,"minecraft:sleep_in_bed":9,"minecraft:damage_dealt":36655,"minecraft:crouch_one_cm":46159,"minecraft:inspect_dispenser":24,"minecraft:mob_kills":208,"minecraft:climb_one_cm":46367,"minecraft:walk_one_cm":3017970,"minecraft:sneak_time":18378,"minecraft:walk_under_water_one_cm":175982,"minecraft:boat_one_cm":920767,"minecraft:total_world_time":796433,"minecraft:time_since_rest":1387,"minecraft:damage_absorbed":40,"minecraft:damage_taken":7260,"minecraft:swim_one_cm":241406,"minecraft:fly_one_cm":769519,"minecraft:open_chest":323,"minecraft:fish_caught":5,"minecraft:fall_one_cm":147159},"minecraft:used":{"minecraft:tuff_bricks":9,"minecraft:iron_shovel":249,"minecraft:ladder":31,"minecraft:chest":2,"minecraft:shield":39,"minecraft:iron_sword":154,"minecraft:rotten_flesh":1,"minecraft:waxed_oxidized_chiseled_copper":1,"minecraft:waxed_copper_grate":2,"minecraft:acacia_sapling":9,"minecraft:lava_bucket":2,"minecraft:grass_block":1,"minecraft:bow":26,"minecraft:ominous_bottle":1,"minecraft:furnace":4,"minecraft:cooked_cod":3,"minecraft:acacia_fence":270,"minecraft:acacia_trapdoor":11,"minecraft:stone_pickaxe":43,"minecraft:oak_planks":2,"minecraft:wooden_pickaxe":42,"minecraft:sandstone":10,"minecraft:golden_apple":2,"minecraft:glow_berries":8,"minecraft:sand":66,"minecraft:crossbow":7,"minecraft:lingering_potion":4,"minecraft:acacia_door":3,"minecraft:birch_slab":2,"minecraft:bread":80,"minecraft:gravel":1,"minecraft:chiseled_tuff_bricks":2,"minecraft:diamond_sword":504,"minecraft:andesite":4,"minecraft:waxed_copper_bulb":1,"minecraft:bone_meal":226,"minecraft:stone_sword":126,"minecraft:acacia_log":6,"minecraft:flint_and_steel":32,"minecraft:wooden_shovel":31,"minecraft:cooked_salmon":2,"minecraft:trial_key":5,"minecraft:torch":478,"minecraft:dirt":672,"minecraft:spyglass":86,"minecraft:granite":33,"minecraft:iron_hoe":557,"minecraft:wooden_axe":174,"minecraft:iron_axe":222,"minecraft:acacia_slab":43,"minecraft:cooked_beef":4,"minecraft:cobbled_deepslate":348,"minecraft:acacia_planks":267,"minecraft:wheat_seeds":359,"minecraft:cooked_mutton":11,"minecraft:acacia_boat":3,"minecraft:water_bucket":67,"minecraft:cobblestone_stairs":15,"minecraft:birch_planks":70,"minecraft:baked_potato":5,"minecraft:waxed_oxidized_cut_copper":1,"minecraft:cobblestone_slab":5,"minecraft:waxed_copper_block":2,"minecraft:crafting_table":14,"minecraft:white_bed":4,"minecraft:wooden_hoe":573,"minecraft:diamond_pickaxe":233,"minecraft:acacia_stairs":42,"minecraft:iron_pickaxe":1630,"minecraft:acacia_fence_gate":2,"minecraft:fishing_rod":7,"minecraft:cobblestone":212,"minecraft:white_banner":1,"minecraft:cooked_porkchop":25,"minecraft:bucket":71},"minecraft:dropped":{"minecraft:birch_planks":1,"minecraft:cooked_beef":2,"minecraft:oak_log":1,"minecraft:diamond":2,"minecraft:crafting_table":4,"minecraft:cooked_porkchop":3,"minecraft:crossbow":1,"minecraft:cobblestone_stairs":6,"minecraft:dirt":27,"minecraft:mutton":2,"minecraft:iron_pickaxe":1,"minecraft:acacia_door":2,"minecraft:fishing_rod":2,"minecraft:white_wool":7,"minecraft:bone":2,"minecraft:gravel":20,"minecraft:compass":2,"minecraft:spyglass":1,"minecraft:cobbled_deepslate":152,"minecraft:wheat":1,"minecraft:rotten_flesh":58,"minecraft:oak_planks":10,"minecraft:white_bed":1,"minecraft:acacia_stairs":5,"minecraft:poppy":5,"minecraft:acacia_slab":6,"minecraft:acacia_sapling":16,"minecraft:ladder":11,"minecraft:acacia_fence":121,"minecraft:water_bucket":1,"minecraft:bread":83,"minecraft:iron_ingot":7,"minecraft:wheat_seeds":739,"minecraft:cobblestone":143,"minecraft:oak_fence":2,"minecraft:feather":11,"minecraft:waxed_copper_grate":1,"minecraft:granite":36,"minecraft:copper_ingot":113,"minecraft:coal":2,"minecraft:pufferfish":1,"minecraft:stick":13,"minecraft:gray_wool":2,"minecraft:diorite":9,"minecraft:ink_sac":3,"minecraft:torch":10,"minecraft:wooden_hoe":1,"minecraft:wooden_axe":1,"minecraft:lily_pad":1,"minecraft:bucket":2,"minecraft:acacia_planks":160,"minecraft:dandelion":2,"minecraft:smooth_basalt":5,"minecraft:redstone":32,"minecraft:furnace":2,"minecraft:stone_sword":2,"minecraft:raw_copper":5,"minecraft:tuff":17,"minecraft:chicken":4,"minecraft:iron_hoe":2,"minecraft:flint_and_steel":1,"minecraft:diamond_sword":2,"minecraft:cobblestone_slab":6,"minecraft:andesite":30,"minecraft:oak_sapling":3,"minecraft:bow":2,"minecraft:stone_pickaxe":2,"minecraft:black_wool":1},"minecraft:crafted":{"minecraft:oak_planks":4,"minecraft:cobblestone_slab":6,"minecraft:birch_slab":6,"minecraft:cobblestone_stairs":12,"minecraft:cooked_mutton":11,"minecraft:diamond_helmet":1,"minecraft:bow":1,"minecraft:diamond_leggings":1,"minecraft:iron_boots":1,"minecraft:acacia_fence":159,"minecraft:wooden_shovel":1,"minecraft:cooked_porkchop":43,"minecraft:crafting_table":5,"minecraft:acacia_slab":42,"minecraft:wooden_pickaxe":1,"minecraft:iron_helmet":1,"minecraft:copper_ingot":107,"minecraft:birch_planks":144,"minecraft:wooden_hoe":2,"minecraft:iron_chestplate":1,"minecraft:diamond_pickaxe":1,"minecraft:shield":3,"minecraft:stick":308,"minecraft:iron_ingot":261,"minecraft:iron_pickaxe":7,"minecraft:stone_sword":1,"minecraft:acacia_door":3,"minecraft:gold_ingot":92,"minecraft:fishing_rod":2,"minecraft:iron_nugget":6,"minecraft:acacia_fence_gate":1,"minecraft:furnace":2,"minecraft:bone_meal":249,"minecraft:flint_and_steel":1,"minecraft:iron_axe":1,"minecraft:ladder":27,"minecraft:iron_hoe":2,"minecraft:stone_pickaxe":1,"minecraft:diamond_boots":1,"minecraft:wheat":126,"minecraft:cooked_beef":4,"minecraft:coal_block":2,"minecraft:cooked_cod":3,"minecraft:diamond_sword":1,"minecraft:iron_sword":1,"minecraft:acacia_trapdoor":10,"minecraft:cooked_salmon":1,"minecraft:bucket":2,"minecraft:acacia_stairs":28,"minecraft:acacia_boat":2,"minecraft:bread":163,"minecraft:air":0,"minecraft:wooden_axe":3,"minecraft:iron_shovel":1,"minecraft:iron_leggings":1,"minecraft:white_bed":2,"minecraft:acacia_planks":580,"minecraft:torch":420,"minecraft:diamond_chestplate":1},"minecraft:picked_up":{"minecraft:wooden_axe":1,"minecraft:iron_chestplate":2,"minecraft:wheat":345,"minecraft:flower_pot":5,"minecraft:lead":2,"minecraft:diamond_sword":4,"minecraft:potion":1,"minecraft:amethyst_block":129,"minecraft:string":60,"minecraft:waxed_cut_copper_slab":8,"minecraft:raw_copper":181,"minecraft:iron_leggings":4,"minecraft:pufferfish":1,"minecraft:diamond_leggings":3,"minecraft:cobbled_deepslate":590,"minecraft:acacia_fence_gate":2,"minecraft:trial_key":5,"minecraft:cobblestone_slab":5,"minecraft:calcite":1,"minecraft:iron_pickaxe":8,"minecraft:furnace":5,"minecraft:iron_boots":2,"minecraft:stick":27,"minecraft:acacia_fence":308,"minecraft:oak_fence":2,"minecraft:torch":272,"minecraft:acacia_log":152,"minecraft:porkchop":28,"minecraft:waxed_copper_grate":3,"minecraft:diorite":5,"minecraft:stone_sword":3,"minecraft:rotten_flesh":82,"minecraft:waxed_cut_copper":6,"minecraft:obsidian":24,"minecraft:cod":3,"minecraft:cobblestone":406,"minecraft:birch_log":36,"minecraft:feather":6,"minecraft:cooked_beef":3,"minecraft:water_bucket":5,"minecraft:andesite":41,"minecraft:flint":4,"minecraft:tuff":33,"minecraft:acacia_boat":3,"minecraft:lapis_lazuli":266,"minecraft:dirt":759,"minecraft:name_tag":6,"minecraft:bone":87,"minecraft:acacia_planks":465,"minecraft:bow":7,"minecraft:wheat_seeds":1093,"minecraft:raw_gold":74,"minecraft:diamond_helmet":1,"minecraft:oak_planks":8,"minecraft:waxed_oxidized_copper_trapdoor":3,"minecraft:cooked_porkchop":4,"minecraft:oak_pressure_plate":2,"minecraft:waxed_chiseled_copper":3,"minecraft:sand":72,"minecraft:ink_sac":3,"minecraft:dead_bush":1,"minecraft:grass_block":1,"minecraft:acacia_stairs":19,"minecraft:iron_hoe":2,"minecraft:diamond":63,"minecraft:waxed_oxidized_copper_grate":2,"minecraft:granite":138,"minecraft:crossbow":1,"minecraft:breeze_rod":13,"minecraft:golden_apple":1,"minecraft:emerald":40,"minecraft:golden_horse_armor":2,"minecraft:bread":95,"minecraft:oak_sapling":3,"minecraft:diamond_pickaxe":2,"minecraft:fishing_rod":1,"minecraft:lingering_potion":2,"minecraft:waxed_oxidized_cut_copper":4,"minecraft:crafting_table":15,"minecraft:ominous_bottle":2,"minecraft:chicken":4,"minecraft:ladder":15,"minecraft:brown_mushroom":1,"minecraft:brick":100,"minecraft:shield":2,"minecraft:wind_charge":25,"minecraft:iron_axe":3,"minecraft:acacia_door":2,"minecraft:flint_and_steel":1,"minecraft:compass":2,"minecraft:candle":9,"minecraft:poppy":10,"minecraft:guster_pottery_sherd":1,"minecraft:chest":2,"minecraft:egg":5,"minecraft:raw_iron":242,"minecraft:sandstone":10,"minecraft:bamboo_hanging_sign":3,"minecraft:copper_ingot":75,"minecraft:flow_pottery_sherd":4,"minecraft:redstone":79,"minecraft:tnt":2,"minecraft:waxed_oxidized_chiseled_copper":1,"minecraft:arrow":268,"minecraft:diamond_chestplate":3,"minecraft:beetroot_seeds":3,"minecraft:decorated_pot":3,"minecraft:diamond_boots":2,"minecraft:hay_block":18,"minecraft:saddle":1,"minecraft:gold_ingot":194,"minecraft:tuff_bricks":51,"minecraft:rail":1,"minecraft:glow_berries":3,"minecraft:mutton":9,"minecraft:white_wool":10,"minecraft:golden_carrot":5,"minecraft:glow_ink_sac":4,"minecraft:salmon":1,"minecraft:leather":1,"minecraft:filled_map":1,"minecraft:birch_planks":12,"minecraft:waxed_copper_bulb":3,"minecraft:oak_log":2,"minecraft:waxed_copper_block":6,"minecraft:lily_pad":1,"minecraft:gunpowder":99,"minecraft:cobblestone_stairs":11,"minecraft:wooden_hoe":1,"minecraft:white_banner":2,"minecraft:acacia_trapdoor":1,"minecraft:iron_ingot":121,"minecraft:polished_tuff_slab":2,"minecraft:cooked_chicken":4,"minecraft:iron_sword":2,"minecraft:acacia_sapling":29,"minecraft:spyglass":1,"minecraft:dandelion":3,"minecraft:gravel":24,"minecraft:lava_bucket":1,"minecraft:amethyst_shard":148,"minecraft:white_bed":4,"minecraft:polished_tuff":2,"minecraft:spider_eye":15,"minecraft:iron_helmet":2,"minecraft:diamond_axe":1,"minecraft:gray_wool":2,"minecraft:baked_potato":13,"minecraft:acacia_slab":7,"minecraft:black_wool":1,"minecraft:chiseled_tuff_bricks":3,"minecraft:coal":268},"minecraft:killed":{"minecraft:witch":2,"minecraft:spider":26,"minecraft:skeleton":65,"minecraft:pig":12,"minecraft:creeper":12,"minecraft:sheep":5,"minecraft:pillager":2,"minecraft:zombie":52,"minecraft:glow_squid":2,"minecraft:drowned":7,"minecraft:breeze":8,"minecraft:villager":1,"minecraft:enderman":2}},"DataVersion":3953}