{"stats":{"minecraft:used":{"minecraft:tuff_bricks":20,"minecraft:iron_shovel":249,"minecraft:ladder":31,"minecraft:chest":3,"minecraft:shield":96,"minecraft:stone":9,"minecraft:iron_sword":154,"minecraft:rotten_flesh":34,"minecraft:soul_sand":12,"minecraft:birch_pressure_plate":8,"minecraft:waxed_oxidized_chiseled_copper":1,"minecraft:nether_bricks":6,"minecraft:waxed_copper_grate":2,"minecraft:acacia_sapling":9,"minecraft:tuff":36,"minecraft:obsidian":14,"minecraft:lava_bucket":19,"minecraft:grass_block":1,"minecraft:bow":193,"minecraft:ominous_bottle":1,"minecraft:oak_sapling":5,"minecraft:furnace":4,"minecraft:cooked_cod":4,"minecraft:acacia_fence":336,"minecraft:egg":2,"minecraft:diorite":11,"minecraft:acacia_trapdoor":11,"minecraft:oak_planks":21,"minecraft:stone_pickaxe":43,"minecraft:wooden_pickaxe":42,"minecraft:sandstone":10,"minecraft:golden_apple":3,"minecraft:glow_berries":18,"minecraft:sand":66,"minecraft:blast_furnace":1,"minecraft:crossbow":7,"minecraft:lingering_potion":5,"minecraft:birch_fence":47,"minecraft:birch_fence_gate":2,"minecraft:acacia_door":3,"minecraft:birch_slab":2,"minecraft:bread":223,"minecraft:gravel":6,"minecraft:chiseled_tuff_bricks":2,"minecraft:diamond_sword":1223,"minecraft:smithing_table":1,"minecraft:andesite":17,"minecraft:oak_boat":1,"minecraft:waxed_copper_bulb":1,"minecraft:bone_meal":454,"minecraft:stone_sword":126,"minecraft:acacia_log":6,"minecraft:flint_and_steel":36,"minecraft:cooked_salmon":4,"minecraft:wooden_shovel":31,"minecraft:trial_key":5,"minecraft:netherrack":555,"minecraft:oak_door":3,"minecraft:torch":1330,"minecraft:dirt":740,"minecraft:spyglass":86,"minecraft:granite":46,"minecraft:iron_hoe":1336,"minecraft:wooden_axe":174,"minecraft:oak_stairs":21,"minecraft:iron_axe":328,"minecraft:acacia_slab":43,"minecraft:cooked_beef":5,"minecraft:cobbled_deepslate":862,"minecraft:acacia_planks":267,"minecraft:wheat_seeds":935,"minecraft:cooked_mutton":11,"minecraft:acacia_boat":3,"minecraft:water_bucket":246,"minecraft:cobblestone_stairs":28,"minecraft:rabbit":1,"minecraft:birch_planks":86,"minecraft:baked_potato":5,"minecraft:waxed_oxidized_cut_copper":1,"minecraft:cobblestone_slab":15,"minecraft:waxed_copper_block":2,"minecraft:tnt":2,"minecraft:crafting_table":16,"minecraft:white_bed":4,"minecraft:smoker":2,"minecraft:oak_log":7,"minecraft:cornflower":1,"minecraft:wooden_hoe":573,"minecraft:diamond_pickaxe":4621,"minecraft:acacia_stairs":42,"minecraft:iron_pickaxe":1630,"minecraft:acacia_fence_gate":2,"minecraft:fishing_rod":7,"minecraft:cobblestone":470,"minecraft:white_banner":1,"minecraft:cooked_porkchop":25,"minecraft:bucket":269,"minecraft:smooth_stone":6},"minecraft:picked_up":{"minecraft:wooden_axe":1,"minecraft:iron_chestplate":2,"minecraft:wheat":716,"minecraft:flower_pot":5,"minecraft:lead":2,"minecraft:diamond_sword":7,"minecraft:potion":1,"minecraft:amethyst_block":180,"minecraft:soul_soil":6,"minecraft:string":239,"minecraft:waxed_cut_copper_slab":8,"minecraft:raw_copper":265,"minecraft:iron_leggings":4,"minecraft:pufferfish":1,"minecraft:diamond_leggings":6,"minecraft:smooth_stone":4,"minecraft:gold_nugget":183,"minecraft:cobbled_deepslate":1702,"minecraft:bucket":4,"minecraft:acacia_fence_gate":2,"minecraft:trial_key":5,"minecraft:cobblestone_slab":8,"minecraft:calcite":2,"minecraft:iron_pickaxe":8,"minecraft:coal_block":1,"minecraft:iron_boots":3,"minecraft:furnace":7,"minecraft:tipped_arrow":3,"minecraft:stick":27,"minecraft:acacia_fence":310,"minecraft:oak_fence":3,"minecraft:torch":526,"minecraft:acacia_log":152,"minecraft:porkchop":28,"minecraft:waxed_copper_grate":3,"minecraft:pointed_dripstone":24,"minecraft:diorite":33,"minecraft:stone_sword":4,"minecraft:rotten_flesh":169,"minecraft:waxed_cut_copper":6,"minecraft:blaze_rod":7,"minecraft:obsidian":24,"minecraft:cod":3,"minecraft:cobblestone":926,"minecraft:birch_log":43,"minecraft:magma_block":2,"minecraft:feather":6,"minecraft:cooked_beef":3,"minecraft:birch_slab":2,"minecraft:water_bucket":6,"minecraft:andesite":91,"minecraft:smoker":1,"minecraft:flint":15,"minecraft:tuff":231,"minecraft:acacia_boat":3,"minecraft:lapis_lazuli":701,"minecraft:dirt":1063,"minecraft:name_tag":6,"minecraft:bone":121,"minecraft:acacia_planks":473,"minecraft:bow":11,"minecraft:wheat_seeds":2224,"minecraft:raw_gold":185,"minecraft:rabbit":2,"minecraft:diamond_helmet":2,"minecraft:oak_planks":62,"minecraft:waxed_oxidized_copper_trapdoor":4,"minecraft:cooked_porkchop":4,"minecraft:oak_pressure_plate":2,"minecraft:waxed_chiseled_copper":3,"minecraft:birch_fence_gate":1,"minecraft:sand":72,"minecraft:nether_brick_stairs":1,"minecraft:ink_sac":3,"minecraft:dead_bush":1,"minecraft:grass_block":1,"minecraft:acacia_stairs":19,"minecraft:spectral_arrow":10,"minecraft:iron_hoe":3,"minecraft:diamond":245,"minecraft:waxed_oxidized_copper_grate":2,"minecraft:granite":199,"minecraft:crossbow":2,"minecraft:breeze_rod":13,"minecraft:golden_apple":1,"minecraft:emerald":40,"minecraft:golden_horse_armor":2,"minecraft:bread":178,"minecraft:oak_sapling":8,"minecraft:netherrack":1094,"minecraft:diamond_pickaxe":5,"minecraft:lingering_potion":3,"minecraft:fishing_rod":1,"minecraft:waxed_oxidized_cut_copper":5,"minecraft:crafting_table":16,"minecraft:ominous_bottle":3,"minecraft:chicken":4,"minecraft:ladder":15,"minecraft:brown_mushroom":1,"minecraft:brick":100,"minecraft:shield":5,"minecraft:wind_charge":25,"minecraft:cornflower":1,"minecraft:iron_axe":5,"minecraft:acacia_door":4,"minecraft:flint_and_steel":1,"minecraft:compass":2,"minecraft:birch_fence":11,"minecraft:blackstone":74,"minecraft:candle":9,"minecraft:oak_boat":1,"minecraft:poppy":10,"minecraft:guster_pottery_sherd":1,"minecraft:chest":3,"minecraft:birch_sapling":1,"minecraft:phantom_membrane":1,"minecraft:egg":8,"minecraft:raw_iron":426,"minecraft:sandstone":10,"minecraft:oak_door":1,"minecraft:bamboo_hanging_sign":3,"minecraft:copper_ingot":75,"minecraft:flow_pottery_sherd":4,"minecraft:redstone":242,"minecraft:tnt":2,"minecraft:waxed_oxidized_chiseled_copper":1,"minecraft:arrow":399,"minecraft:weeping_vines":5,"minecraft:diamond_chestplate":6,"minecraft:decorated_pot":3,"minecraft:beetroot_seeds":3,"minecraft:nether_bricks":59,"minecraft:diamond_boots":4,"minecraft:hay_block":43,"minecraft:bone_block":83,"minecraft:saddle":1,"minecraft:gold_ingot":196,"minecraft:tuff_bricks":62,"minecraft:glow_berries":3,"minecraft:mutton":9,"minecraft:rail":8,"minecraft:white_wool":10,"minecraft:basalt":2,"minecraft:golden_carrot":5,"minecraft:glow_ink_sac":31,"minecraft:salmon":1,"minecraft:leather":1,"minecraft:filled_map":3,"minecraft:birch_planks":30,"minecraft:waxed_copper_bulb":3,"minecraft:oak_log":64,"minecraft:waxed_copper_block":6,"minecraft:lily_pad":1,"minecraft:ancient_debris":30,"minecraft:nether_wart_block":9,"minecraft:gunpowder":113,"minecraft:cobblestone_stairs":16,"minecraft:wooden_hoe":1,"minecraft:white_banner":3,"minecraft:birch_pressure_plate":3,"minecraft:apple":1,"minecraft:acacia_trapdoor":1,"minecraft:rabbit_hide":1,"minecraft:iron_ingot":121,"minecraft:polished_tuff_slab":2,"minecraft:cooked_chicken":4,"minecraft:soul_sand":39,"minecraft:iron_sword":2,"minecraft:acacia_sapling":29,"minecraft:quartz":114,"minecraft:dandelion":5,"minecraft:spyglass":2,"minecraft:dripstone_block":10,"minecraft:gravel":94,"minecraft:lava_bucket":1,"minecraft:amethyst_shard":164,"minecraft:white_bed":4,"minecraft:crying_obsidian":3,"minecraft:spider_eye":30,"minecraft:polished_tuff":2,"minecraft:iron_helmet":3,"minecraft:diamond_axe":1,"minecraft:gray_wool":2,"minecraft:baked_potato":13,"minecraft:acacia_slab":7,"minecraft:black_wool":1,"minecraft:coal":577,"minecraft:chiseled_tuff_bricks":3},"minecraft:broken":{"minecraft:wooden_axe":2,"minecraft:wooden_pickaxe":1,"minecraft:iron_pickaxe":5,"minecraft:wooden_hoe":1},"minecraft:mined":{"minecraft:waxed_cut_copper_slab":1,"minecraft:large_amethyst_bud":4,"minecraft:white_bed":3,"minecraft:farmland":34,"minecraft:sculk_vein":7,"minecraft:cobblestone_stairs":14,"minecraft:cave_vines_plant":2,"minecraft:potted_dead_bush":2,"minecraft:granite":124,"minecraft:budding_amethyst":8,"minecraft:acacia_log":147,"minecraft:grass_block":527,"minecraft:white_concrete":1,"minecraft:oak_pressure_plate":2,"minecraft:soul_soil":6,"minecraft:chiseled_tuff_bricks":3,"minecraft:tuff_bricks":48,"minecraft:spawner":10,"minecraft:smooth_stone":3,"minecraft:weeping_vines_plant":4,"minecraft:tall_seagrass":3,"minecraft:magma_block":3,"minecraft:iron_ore":231,"minecraft:fire":11,"minecraft:cobbled_deepslate":35,"minecraft:polished_tuff":6,"minecraft:deepslate_lapis_ore":66,"minecraft:nether_brick_stairs":1,"minecraft:pointed_dripstone":12,"minecraft:cave_vines":3,"minecraft:dirt_path":2,"minecraft:small_amethyst_bud":3,"minecraft:polished_tuff_slab":2,"minecraft:waxed_cut_copper":1,"minecraft:deepslate_redstone_ore":37,"minecraft:brown_mushroom":1,"minecraft:blackstone":37,"minecraft:medium_amethyst_bud":1,"minecraft:smoker":1,"minecraft:soul_fire":6,"minecraft:amethyst_cluster":5,"minecraft:powder_snow":2,"minecraft:torch":27,"minecraft:calcite":2,"minecraft:poppy":1,"minecraft:chest":4,"minecraft:nether_quartz_ore":75,"minecraft:cobblestone":56,"minecraft:oak_planks":16,"minecraft:wall_torch":159,"minecraft:amethyst_block":51,"minecraft:seagrass":1,"minecraft:waxed_copper_bulb":6,"minecraft:red_candle":1,"minecraft:acacia_sapling":1,"minecraft:nether_wart_block":7,"minecraft:birch_log":43,"minecraft:waxed_oxidized_copper_trapdoor":2,"minecraft:wheat":775,"minecraft:waxed_copper_block":3,"minecraft:oak_log":63,"minecraft:waxed_oxidized_copper":4,"minecraft:acacia_fence":190,"minecraft:sand":70,"minecraft:dirt":205,"minecraft:ancient_debris":15,"minecraft:netherrack":854,"minecraft:oak_leaves":26,"minecraft:deepslate":1743,"minecraft:nether_gold_ore":21,"minecraft:diamond_ore":9,"minecraft:tuff":227,"minecraft:mossy_cobblestone":3,"minecraft:oak_door":1,"minecraft:deepslate_diamond_ore":211,"minecraft:candle":3,"minecraft:waxed_oxidized_chiseled_copper":1,"minecraft:nether_bricks":30,"minecraft:birch_fence_gate":1,"minecraft:ladder":5,"minecraft:decorated_pot":25,"minecraft:weeping_vines":1,"minecraft:birch_slab":1,"minecraft:acacia_slab":6,"minecraft:sandstone":10,"minecraft:mangrove_propagule":1,"minecraft:hay_block":39,"minecraft:waxed_oxidized_cut_copper":3,"minecraft:furnace":5,"minecraft:acacia_trapdoor":1,"minecraft:waxed_copper_grate":4,"minecraft:andesite":78,"minecraft:acacia_stairs":19,"minecraft:chiseled_tuff":3,"minecraft:cobblestone_slab":8,"minecraft:deepslate_iron_ore":161,"minecraft:rail":5,"minecraft:bone_block":57,"minecraft:waxed_weathered_copper_bulb":4,"minecraft:stone":887,"minecraft:birch_pressure_plate":3,"minecraft:acacia_leaves":33,"minecraft:soul_sand":38,"minecraft:basalt":2,"minecraft:dandelion":2,"minecraft:oak_fence":1,"minecraft:crafting_table":13,"minecraft:short_grass":616,"minecraft:sculk_sensor":3,"minecraft:copper_ore":71,"minecraft:tall_grass":41,"minecraft:red_glazed_terracotta":2,"minecraft:lapis_ore":18,"minecraft:deepslate_gold_ore":148,"minecraft:sculk":200,"minecraft:diorite":65,"minecraft:black_stained_glass":1,"minecraft:birch_planks":13,"minecraft:acacia_fence_gate":1,"minecraft:waxed_oxidized_copper_grate":4,"minecraft:ice":2,"minecraft:white_wall_banner":1,"minecraft:coal_ore":333,"minecraft:acacia_door":2,"minecraft:flower_pot":4,"minecraft:gravel":73,"minecraft:dripstone_block":8,"minecraft:cobweb":174,"minecraft:acacia_planks":60,"minecraft:gold_ore":22,"minecraft:birch_fence":11},"minecraft:dropped":{"minecraft:acacia_boat":1,"minecraft:soul_sand":23,"minecraft:birch_planks":72,"minecraft:cooked_beef":2,"minecraft:oak_log":1,"minecraft:glow_ink_sac":27,"minecraft:diamond":2,"minecraft:crafting_table":4,"minecraft:cooked_porkchop":3,"minecraft:crossbow":2,"minecraft:rail":3,"minecraft:birch_slab":2,"minecraft:cobblestone_stairs":10,"minecraft:dirt":206,"minecraft:mutton":2,"minecraft:gold_nugget":43,"minecraft:iron_pickaxe":1,"minecraft:acacia_door":5,"minecraft:fishing_rod":2,"minecraft:white_wool":7,"minecraft:gold_ingot":6,"minecraft:bone":3,"minecraft:oak_door":1,"minecraft:gravel":66,"minecraft:compass":2,"minecraft:spyglass":2,"minecraft:cobbled_deepslate":624,"minecraft:wheat":1,"minecraft:birch_sapling":1,"minecraft:pointed_dripstone":24,"minecraft:rotten_flesh":117,"minecraft:oak_planks":88,"minecraft:white_bed":1,"minecraft:acacia_stairs":5,"minecraft:poppy":6,"minecraft:rabbit_hide":1,"minecraft:tipped_arrow":2,"minecraft:acacia_slab":6,"minecraft:acacia_sapling":16,"minecraft:ladder":11,"minecraft:arrow":23,"minecraft:acacia_fence":121,"minecraft:netherrack":268,"minecraft:egg":1,"minecraft:water_bucket":1,"minecraft:bread":161,"minecraft:iron_ingot":7,"minecraft:wheat_seeds":1213,"minecraft:dripstone_block":10,"minecraft:diamond_leggings":2,"minecraft:cobblestone":364,"minecraft:iron_helmet":1,"minecraft:oak_fence":2,"minecraft:feather":11,"minecraft:waxed_copper_grate":1,"minecraft:granite":84,"minecraft:copper_ingot":113,"minecraft:coal":66,"minecraft:pufferfish":1,"minecraft:stick":17,"minecraft:gray_wool":2,"minecraft:diorite":26,"minecraft:ink_sac":3,"minecraft:wooden_hoe":1,"minecraft:torch":10,"minecraft:wooden_axe":1,"minecraft:oak_stairs":3,"minecraft:iron_axe":2,"minecraft:string":76,"minecraft:lily_pad":1,"minecraft:bucket":4,"minecraft:acacia_planks":160,"minecraft:redstone":32,"minecraft:dandelion":4,"minecraft:smooth_basalt":5,"minecraft:furnace":2,"minecraft:soul_soil":6,"minecraft:stone_sword":3,"minecraft:raw_copper":89,"minecraft:tuff":177,"minecraft:raw_iron":25,"minecraft:chicken":4,"minecraft:iron_boots":1,"minecraft:iron_hoe":2,"minecraft:nether_bricks":1,"minecraft:flint_and_steel":1,"minecraft:diamond_sword":3,"minecraft:cobblestone_slab":11,"minecraft:shield":2,"minecraft:diamond_chestplate":1,"minecraft:diamond_pickaxe":1,"minecraft:andesite":62,"minecraft:oak_sapling":3,"minecraft:waxed_oxidized_cut_copper":2,"minecraft:diamond_boots":1,"minecraft:bow":6,"minecraft:stone_pickaxe":2,"minecraft:calcite":1,"minecraft:black_wool":1,"minecraft:waxed_oxidized_copper_trapdoor":2},"minecraft:killed_by":{"minecraft:wither_skeleton":3,"minecraft:creeper":1,"minecraft:blaze":2,"minecraft:zombie":1,"minecraft:player":1,"minecraft:skeleton":1},"minecraft:custom":{"minecraft:animals_bred":2,"minecraft:interact_with_crafting_table":261,"minecraft:open_barrel":10,"minecraft:bell_ring":16,"minecraft:leave_game":21,"minecraft:time_since_death":47830,"minecraft:sprint_one_cm":4351029,"minecraft:damage_blocked_by_shield":2651,"minecraft:drop":341,"minecraft:talked_to_villager":15,"minecraft:play_time":1535202,"minecraft:deaths":15,"minecraft:jump":16189,"minecraft:interact_with_brewingstand":1,"minecraft:walk_on_water_one_cm":286981,"minecraft:interact_with_furnace":220,"minecraft:sleep_in_bed":17,"minecraft:damage_dealt":67218,"minecraft:crouch_one_cm":146536,"minecraft:interact_with_smoker":26,"minecraft:use_cauldron":3,"minecraft:interact_with_smithing_table":5,"minecraft:inspect_dispenser":24,"minecraft:interact_with_anvil":4,"minecraft:mob_kills":424,"minecraft:fill_cauldron":4,"minecraft:climb_one_cm":46627,"minecraft:walk_one_cm":5502414,"minecraft:sneak_time":52737,"minecraft:walk_under_water_one_cm":248894,"minecraft:boat_one_cm":1030161,"minecraft:interact_with_blast_furnace":37,"minecraft:total_world_time":1535202,"minecraft:time_since_rest":47872,"minecraft:damage_absorbed":79,"minecraft:damage_taken":15565,"minecraft:swim_one_cm":265857,"minecraft:fly_one_cm":1694232,"minecraft:open_chest":623,"minecraft:fall_one_cm":293530,"minecraft:fish_caught":5},"minecraft:killed":{"minecraft:cave_spider":22,"minecraft:witch":2,"minecraft:spider":45,"minecraft:skeleton":97,"minecraft:piglin_brute":1,"minecraft:piglin":4,"minecraft:pig":12,"minecraft:creeper":25,"minecraft:sheep":5,"minecraft:pillager":5,"minecraft:zombie":137,"minecraft:stray":4,"minecraft:glow_squid":3,"minecraft:blaze":24,"minecraft:phantom":1,"minecraft:drowned":7,"minecraft:rabbit":2,"minecraft:breeze":8,"minecraft:wither_skeleton":2,"minecraft:villager":1,"minecraft:enderman":2},"minecraft:crafted":{"minecraft:smooth_stone":5,"minecraft:oak_planks":204,"minecraft:cobblestone_slab":18,"minecraft:birch_slab":6,"minecraft:stone":15,"minecraft:cobblestone_stairs":24,"minecraft:cooked_mutton":11,"minecraft:diamond_helmet":3,"minecraft:bow":1,"minecraft:diamond_leggings":3,"minecraft:iron_boots":3,"minecraft:birch_fence_gate":1,"minecraft:acacia_fence":159,"minecraft:smoker":1,"minecraft:wooden_shovel":1,"minecraft:cooked_porkchop":43,"minecraft:crafting_table":6,"minecraft:acacia_slab":42,"minecraft:wooden_pickaxe":1,"minecraft:iron_helmet":3,"minecraft:smithing_table":1,"minecraft:birch_pressure_plate":5,"minecraft:copper_ingot":107,"minecraft:oak_wood":3,"minecraft:birch_planks":172,"minecraft:iron_chestplate":2,"minecraft:wooden_hoe":2,"minecraft:diamond_pickaxe":6,"minecraft:shield":5,"minecraft:birch_fence":45,"minecraft:stick":560,"minecraft:iron_ingot":438,"minecraft:iron_pickaxe":7,"minecraft:stone_sword":1,"minecraft:acacia_door":3,"minecraft:gold_ingot":169,"minecraft:netherite_ingot":3,"minecraft:oak_door":3,"minecraft:fishing_rod":2,"minecraft:iron_nugget":6,"minecraft:acacia_fence_gate":1,"minecraft:furnace":2,"minecraft:blast_furnace":1,"minecraft:bone_meal":477,"minecraft:flint_and_steel":1,"minecraft:iron_axe":1,"minecraft:ladder":27,"minecraft:iron_hoe":5,"minecraft:stone_pickaxe":1,"minecraft:diamond_boots":3,"minecraft:netherite_scrap":15,"minecraft:wheat":351,"minecraft:cooked_beef":4,"minecraft:coal_block":4,"minecraft:cooked_cod":4,"minecraft:diamond_sword":3,"minecraft:iron_sword":1,"minecraft:acacia_trapdoor":10,"minecraft:cooked_salmon":3,"minecraft:bucket":6,"minecraft:acacia_stairs":28,"minecraft:acacia_boat":2,"minecraft:bread":359,"minecraft:air":0,"minecraft:oak_boat":1,"minecraft:golden_apple":1,"minecraft:oak_stairs":24,"minecraft:wooden_axe":3,"minecraft:iron_shovel":1,"minecraft:iron_leggings":2,"minecraft:white_bed":2,"minecraft:torch":1208,"minecraft:acacia_planks":580,"minecraft:diamond_chestplate":3}},"DataVersion":3953}