{"stats":{"minecraft:crafted":{"minecraft:smooth_stone":5,"minecraft:oak_planks":28,"minecraft:cobblestone_slab":18,"minecraft:birch_slab":6,"minecraft:stone":15,"minecraft:cobblestone_stairs":24,"minecraft:cooked_mutton":11,"minecraft:diamond_helmet":2,"minecraft:bow":1,"minecraft:diamond_leggings":2,"minecraft:iron_boots":2,"minecraft:acacia_fence":159,"minecraft:smoker":1,"minecraft:wooden_shovel":1,"minecraft:cooked_porkchop":43,"minecraft:crafting_table":6,"minecraft:acacia_slab":42,"minecraft:wooden_pickaxe":1,"minecraft:iron_helmet":2,"minecraft:birch_pressure_plate":5,"minecraft:copper_ingot":107,"minecraft:oak_wood":3,"minecraft:birch_planks":172,"minecraft:wooden_hoe":2,"minecraft:iron_chestplate":1,"minecraft:diamond_pickaxe":2,"minecraft:shield":4,"minecraft:stick":376,"minecraft:iron_ingot":360,"minecraft:iron_pickaxe":7,"minecraft:stone_sword":1,"minecraft:acacia_door":3,"minecraft:gold_ingot":153,"minecraft:oak_door":3,"minecraft:fishing_rod":2,"minecraft:iron_nugget":6,"minecraft:furnace":2,"minecraft:acacia_fence_gate":1,"minecraft:blast_furnace":1,"minecraft:bone_meal":249,"minecraft:flint_and_steel":1,"minecraft:iron_axe":1,"minecraft:ladder":27,"minecraft:iron_hoe":3,"minecraft:stone_pickaxe":1,"minecraft:diamond_boots":2,"minecraft:wheat":351,"minecraft:cooked_beef":4,"minecraft:coal_block":4,"minecraft:cooked_cod":4,"minecraft:diamond_sword":1,"minecraft:iron_sword":1,"minecraft:acacia_trapdoor":10,"minecraft:cooked_salmon":3,"minecraft:bucket":3,"minecraft:acacia_stairs":28,"minecraft:acacia_boat":2,"minecraft:bread":238,"minecraft:air":0,"minecraft:oak_boat":1,"minecraft:wooden_axe":3,"minecraft:iron_shovel":1,"minecraft:iron_leggings":1,"minecraft:white_bed":2,"minecraft:acacia_planks":580,"minecraft:torch":676,"minecraft:diamond_chestplate":2},"minecraft:picked_up":{"minecraft:wooden_axe":1,"minecraft:iron_chestplate":2,"minecraft:wheat":345,"minecraft:flower_pot":5,"minecraft:lead":2,"minecraft:diamond_sword":6,"minecraft:potion":1,"minecraft:amethyst_block":129,"minecraft:string":199,"minecraft:waxed_cut_copper_slab":8,"minecraft:raw_copper":256,"minecraft:iron_leggings":4,"minecraft:pufferfish":1,"minecraft:gold_nugget":60,"minecraft:diamond_leggings":5,"minecraft:cobbled_deepslate":993,"minecraft:smooth_stone":4,"minecraft:bucket":1,"minecraft:acacia_fence_gate":2,"minecraft:trial_key":5,"minecraft:cobblestone_slab":8,"minecraft:calcite":1,"minecraft:iron_pickaxe":8,"minecraft:coal_block":1,"minecraft:furnace":7,"minecraft:iron_boots":3,"minecraft:tipped_arrow":3,"minecraft:stick":27,"minecraft:acacia_fence":310,"minecraft:oak_fence":2,"minecraft:torch":450,"minecraft:acacia_log":152,"minecraft:porkchop":28,"minecraft:waxed_copper_grate":3,"minecraft:pointed_dripstone":2,"minecraft:diorite":14,"minecraft:stone_sword":4,"minecraft:rotten_flesh":132,"minecraft:waxed_cut_copper":6,"minecraft:blaze_rod":7,"minecraft:obsidian":24,"minecraft:cod":3,"minecraft:cobblestone":775,"minecraft:birch_log":43,"minecraft:feather":6,"minecraft:cooked_beef":3,"minecraft:birch_slab":2,"minecraft:water_bucket":6,"minecraft:andesite":76,"minecraft:smoker":1,"minecraft:flint":6,"minecraft:tuff":61,"minecraft:acacia_boat":3,"minecraft:lapis_lazuli":419,"minecraft:dirt":902,"minecraft:name_tag":6,"minecraft:bone":106,"minecraft:acacia_planks":473,"minecraft:bow":11,"minecraft:wheat_seeds":1096,"minecraft:raw_gold":135,"minecraft:rabbit":1,"minecraft:diamond_helmet":1,"minecraft:oak_planks":23,"minecraft:waxed_oxidized_copper_trapdoor":4,"minecraft:cooked_porkchop":4,"minecraft:oak_pressure_plate":2,"minecraft:waxed_chiseled_copper":3,"minecraft:sand":72,"minecraft:ink_sac":3,"minecraft:dead_bush":1,"minecraft:grass_block":1,"minecraft:acacia_stairs":19,"minecraft:iron_hoe":2,"minecraft:diamond":142,"minecraft:waxed_oxidized_copper_grate":2,"minecraft:granite":174,"minecraft:crossbow":2,"minecraft:breeze_rod":13,"minecraft:golden_apple":1,"minecraft:emerald":40,"minecraft:golden_horse_armor":2,"minecraft:bread":138,"minecraft:oak_sapling":5,"minecraft:netherrack":166,"minecraft:diamond_pickaxe":4,"minecraft:lingering_potion":3,"minecraft:fishing_rod":1,"minecraft:waxed_oxidized_cut_copper":5,"minecraft:crafting_table":16,"minecraft:ominous_bottle":3,"minecraft:chicken":4,"minecraft:ladder":15,"minecraft:brown_mushroom":1,"minecraft:brick":100,"minecraft:shield":3,"minecraft:wind_charge":25,"minecraft:cornflower":1,"minecraft:iron_axe":4,"minecraft:acacia_door":4,"minecraft:flint_and_steel":1,"minecraft:compass":2,"minecraft:candle":9,"minecraft:oak_boat":1,"minecraft:poppy":10,"minecraft:guster_pottery_sherd":1,"minecraft:chest":3,"minecraft:birch_sapling":1,"minecraft:egg":7,"minecraft:raw_iron":341,"minecraft:sandstone":10,"minecraft:oak_door":1,"minecraft:bamboo_hanging_sign":3,"minecraft:copper_ingot":75,"minecraft:flow_pottery_sherd":4,"minecraft:redstone":218,"minecraft:tnt":2,"minecraft:waxed_oxidized_chiseled_copper":1,"minecraft:weeping_vines":5,"minecraft:arrow":378,"minecraft:diamond_chestplate":5,"minecraft:decorated_pot":3,"minecraft:beetroot_seeds":3,"minecraft:nether_bricks":38,"minecraft:diamond_boots":3,"minecraft:hay_block":43,"minecraft:saddle":1,"minecraft:gold_ingot":194,"minecraft:tuff_bricks":51,"minecraft:glow_berries":3,"minecraft:mutton":9,"minecraft:rail":5,"minecraft:white_wool":10,"minecraft:golden_carrot":5,"minecraft:glow_ink_sac":28,"minecraft:salmon":1,"minecraft:leather":1,"minecraft:filled_map":1,"minecraft:birch_planks":26,"minecraft:waxed_copper_bulb":3,"minecraft:oak_log":13,"minecraft:waxed_copper_block":6,"minecraft:lily_pad":1,"minecraft:nether_wart_block":9,"minecraft:gunpowder":104,"minecraft:cobblestone_stairs":16,"minecraft:wooden_hoe":1,"minecraft:white_banner":3,"minecraft:birch_pressure_plate":3,"minecraft:acacia_trapdoor":1,"minecraft:rabbit_hide":1,"minecraft:iron_ingot":121,"minecraft:polished_tuff_slab":2,"minecraft:cooked_chicken":4,"minecraft:iron_sword":2,"minecraft:acacia_sapling":29,"minecraft:quartz":36,"minecraft:spyglass":2,"minecraft:dandelion":5,"minecraft:gravel":43,"minecraft:lava_bucket":1,"minecraft:amethyst_shard":148,"minecraft:white_bed":4,"minecraft:spider_eye":25,"minecraft:polished_tuff":2,"minecraft:iron_helmet":3,"minecraft:diamond_axe":1,"minecraft:gray_wool":2,"minecraft:baked_potato":13,"minecraft:acacia_slab":7,"minecraft:black_wool":1,"minecraft:coal":345,"minecraft:chiseled_tuff_bricks":3},"minecraft:custom":{"minecraft:interact_with_crafting_table":220,"minecraft:open_barrel":10,"minecraft:bell_ring":5,"minecraft:leave_game":12,"minecraft:time_since_death":244975,"minecraft:sprint_one_cm":3340437,"minecraft:damage_blocked_by_shield":1742,"minecraft:drop":269,"minecraft:talked_to_villager":8,"minecraft:play_time":1073219,"minecraft:deaths":7,"minecraft:jump":11489,"minecraft:interact_with_brewingstand":1,"minecraft:walk_on_water_one_cm":238150,"minecraft:interact_with_furnace":220,"minecraft:sleep_in_bed":14,"minecraft:damage_dealt":52649,"minecraft:crouch_one_cm":73652,"minecraft:interact_with_smoker":18,"minecraft:use_cauldron":1,"minecraft:inspect_dispenser":24,"minecraft:interact_with_anvil":3,"minecraft:mob_kills":343,"minecraft:climb_one_cm":46439,"minecraft:walk_one_cm":4092067,"minecraft:sneak_time":28065,"minecraft:walk_under_water_one_cm":206178,"minecraft:boat_one_cm":1030161,"minecraft:interact_with_blast_furnace":28,"minecraft:total_world_time":1073219,"minecraft:time_since_rest":32657,"minecraft:damage_absorbed":40,"minecraft:damage_taken":10809,"minecraft:swim_one_cm":252069,"minecraft:fly_one_cm":1211662,"minecraft:open_chest":459,"minecraft:fish_caught":5,"minecraft:fall_one_cm":211974},"minecraft:broken":{"minecraft:wooden_axe":2,"minecraft:wooden_pickaxe":1,"minecraft:iron_pickaxe":5,"minecraft:wooden_hoe":1},"minecraft:mined":{"minecraft:waxed_cut_copper_slab":1,"minecraft:white_bed":3,"minecraft:farmland":34,"minecraft:cobblestone_stairs":14,"minecraft:potted_dead_bush":2,"minecraft:granite":101,"minecraft:acacia_log":147,"minecraft:grass_block":468,"minecraft:white_concrete":1,"minecraft:oak_pressure_plate":2,"minecraft:chiseled_tuff_bricks":3,"minecraft:tuff_bricks":30,"minecraft:spawner":7,"minecraft:weeping_vines_plant":4,"minecraft:smooth_stone":3,"minecraft:tall_seagrass":3,"minecraft:iron_ore":183,"minecraft:cobbled_deepslate":25,"minecraft:fire":10,"minecraft:polished_tuff":5,"minecraft:deepslate_lapis_ore":27,"minecraft:pointed_dripstone":2,"minecraft:cave_vines":1,"minecraft:dirt_path":2,"minecraft:polished_tuff_slab":2,"minecraft:waxed_cut_copper":1,"minecraft:deepslate_redstone_ore":32,"minecraft:brown_mushroom":1,"minecraft:smoker":1,"minecraft:torch":16,"minecraft:poppy":1,"minecraft:chest":4,"minecraft:nether_quartz_ore":36,"minecraft:cobblestone":44,"minecraft:oak_planks":15,"minecraft:wall_torch":117,"minecraft:seagrass":1,"minecraft:waxed_copper_bulb":6,"minecraft:red_candle":1,"minecraft:acacia_sapling":1,"minecraft:nether_wart_block":7,"minecraft:waxed_oxidized_copper_trapdoor":2,"minecraft:birch_log":43,"minecraft:wheat":357,"minecraft:waxed_copper_block":3,"minecraft:oak_log":12,"minecraft:waxed_oxidized_copper":4,"minecraft:acacia_fence":190,"minecraft:sand":70,"minecraft:dirt":154,"minecraft:netherrack":137,"minecraft:oak_leaves":5,"minecraft:deepslate":909,"minecraft:nether_gold_ore":4,"minecraft:diamond_ore":3,"minecraft:tuff":59,"minecraft:mossy_cobblestone":3,"minecraft:oak_door":1,"minecraft:deepslate_diamond_ore":113,"minecraft:candle":3,"minecraft:nether_bricks":9,"minecraft:waxed_oxidized_chiseled_copper":1,"minecraft:ladder":5,"minecraft:decorated_pot":25,"minecraft:weeping_vines":1,"minecraft:birch_slab":1,"minecraft:acacia_slab":6,"minecraft:sandstone":10,"minecraft:mangrove_propagule":1,"minecraft:hay_block":39,"minecraft:waxed_oxidized_cut_copper":3,"minecraft:furnace":5,"minecraft:acacia_trapdoor":1,"minecraft:waxed_copper_grate":4,"minecraft:andesite":68,"minecraft:acacia_stairs":19,"minecraft:chiseled_tuff":3,"minecraft:deepslate_iron_ore":149,"minecraft:cobblestone_slab":8,"minecraft:rail":4,"minecraft:waxed_weathered_copper_bulb":4,"minecraft:stone":608,"minecraft:birch_pressure_plate":3,"minecraft:acacia_leaves":33,"minecraft:dandelion":2,"minecraft:crafting_table":13,"minecraft:short_grass":607,"minecraft:copper_ore":70,"minecraft:tall_grass":41,"minecraft:red_glazed_terracotta":2,"minecraft:deepslate_gold_ore":106,"minecraft:lapis_ore":16,"minecraft:diorite":33,"minecraft:black_stained_glass":1,"minecraft:birch_planks":13,"minecraft:acacia_fence_gate":1,"minecraft:waxed_oxidized_copper_grate":4,"minecraft:ice":2,"minecraft:white_wall_banner":1,"minecraft:coal_ore":159,"minecraft:gravel":33,"minecraft:flower_pot":4,"minecraft:acacia_door":2,"minecraft:cobweb":143,"minecraft:acacia_planks":60,"minecraft:gold_ore":15},"minecraft:killed":{"minecraft:cave_spider":19,"minecraft:witch":2,"minecraft:spider":36,"minecraft:skeleton":79,"minecraft:pig":12,"minecraft:creeper":22,"minecraft:sheep":5,"minecraft:pillager":5,"minecraft:zombie":102,"minecraft:stray":4,"minecraft:glow_squid":3,"minecraft:blaze":20,"minecraft:drowned":7,"minecraft:rabbit":1,"minecraft:breeze":8,"minecraft:wither_skeleton":2,"minecraft:villager":1,"minecraft:enderman":2},"minecraft:used":{"minecraft:tuff_bricks":9,"minecraft:iron_shovel":249,"minecraft:ladder":31,"minecraft:chest":3,"minecraft:shield":61,"minecraft:stone":9,"minecraft:iron_sword":154,"minecraft:rotten_flesh":11,"minecraft:birch_pressure_plate":8,"minecraft:waxed_oxidized_chiseled_copper":1,"minecraft:nether_bricks":6,"minecraft:waxed_copper_grate":2,"minecraft:acacia_sapling":9,"minecraft:tuff":28,"minecraft:obsidian":14,"minecraft:lava_bucket":13,"minecraft:grass_block":1,"minecraft:bow":187,"minecraft:ominous_bottle":1,"minecraft:oak_sapling":2,"minecraft:furnace":4,"minecraft:cooked_cod":4,"minecraft:acacia_fence":336,"minecraft:egg":2,"minecraft:diorite":7,"minecraft:acacia_trapdoor":11,"minecraft:oak_planks":9,"minecraft:stone_pickaxe":43,"minecraft:wooden_pickaxe":42,"minecraft:sandstone":10,"minecraft:golden_apple":2,"minecraft:glow_berries":18,"minecraft:sand":66,"minecraft:blast_furnace":1,"minecraft:crossbow":7,"minecraft:lingering_potion":5,"minecraft:acacia_door":3,"minecraft:birch_slab":2,"minecraft:bread":156,"minecraft:gravel":6,"minecraft:chiseled_tuff_bricks":2,"minecraft:diamond_sword":933,"minecraft:andesite":11,"minecraft:oak_boat":1,"minecraft:waxed_copper_bulb":1,"minecraft:bone_meal":226,"minecraft:stone_sword":126,"minecraft:acacia_log":6,"minecraft:flint_and_steel":36,"minecraft:netherrack":4,"minecraft:wooden_shovel":31,"minecraft:cooked_salmon":4,"minecraft:trial_key":5,"minecraft:oak_door":3,"minecraft:torch":804,"minecraft:dirt":736,"minecraft:spyglass":86,"minecraft:granite":42,"minecraft:iron_hoe":738,"minecraft:wooden_axe":174,"minecraft:iron_axe":256,"minecraft:acacia_slab":43,"minecraft:cooked_beef":5,"minecraft:cobbled_deepslate":640,"minecraft:acacia_planks":267,"minecraft:wheat_seeds":425,"minecraft:cooked_mutton":11,"minecraft:acacia_boat":3,"minecraft:water_bucket":127,"minecraft:cobblestone_stairs":28,"minecraft:birch_planks":86,"minecraft:baked_potato":5,"minecraft:waxed_oxidized_cut_copper":1,"minecraft:cobblestone_slab":15,"minecraft:waxed_copper_block":2,"minecraft:tnt":2,"minecraft:crafting_table":16,"minecraft:white_bed":4,"minecraft:smoker":2,"minecraft:cornflower":1,"minecraft:wooden_hoe":573,"minecraft:diamond_pickaxe":1606,"minecraft:acacia_stairs":42,"minecraft:iron_pickaxe":1630,"minecraft:acacia_fence_gate":2,"minecraft:fishing_rod":7,"minecraft:cobblestone":398,"minecraft:white_banner":1,"minecraft:cooked_porkchop":25,"minecraft:bucket":142,"minecraft:smooth_stone":6},"minecraft:dropped":{"minecraft:acacia_boat":1,"minecraft:birch_planks":68,"minecraft:cooked_beef":2,"minecraft:oak_log":1,"minecraft:glow_ink_sac":24,"minecraft:diamond":2,"minecraft:crafting_table":4,"minecraft:cooked_porkchop":3,"minecraft:crossbow":2,"minecraft:rail":3,"minecraft:birch_slab":2,"minecraft:cobblestone_stairs":10,"minecraft:dirt":51,"minecraft:mutton":2,"minecraft:gold_nugget":43,"minecraft:iron_pickaxe":1,"minecraft:acacia_door":5,"minecraft:fishing_rod":2,"minecraft:white_wool":7,"minecraft:bone":3,"minecraft:oak_door":1,"minecraft:gravel":34,"minecraft:compass":2,"minecraft:spyglass":2,"minecraft:cobbled_deepslate":263,"minecraft:wheat":1,"minecraft:birch_sapling":1,"minecraft:pointed_dripstone":2,"minecraft:rotten_flesh":97,"minecraft:oak_planks":15,"minecraft:white_bed":1,"minecraft:acacia_stairs":5,"minecraft:poppy":6,"minecraft:rabbit_hide":1,"minecraft:tipped_arrow":2,"minecraft:acacia_slab":6,"minecraft:acacia_sapling":16,"minecraft:ladder":11,"minecraft:arrow":23,"minecraft:acacia_fence":121,"minecraft:netherrack":69,"minecraft:water_bucket":1,"minecraft:bread":129,"minecraft:iron_ingot":7,"minecraft:wheat_seeds":741,"minecraft:diamond_leggings":2,"minecraft:iron_helmet":1,"minecraft:cobblestone":287,"minecraft:oak_fence":2,"minecraft:feather":11,"minecraft:waxed_copper_grate":1,"minecraft:granite":63,"minecraft:copper_ingot":113,"minecraft:coal":2,"minecraft:pufferfish":1,"minecraft:stick":14,"minecraft:gray_wool":2,"minecraft:diorite":11,"minecraft:ink_sac":3,"minecraft:torch":10,"minecraft:wooden_hoe":1,"minecraft:wooden_axe":1,"minecraft:iron_axe":1,"minecraft:string":73,"minecraft:lily_pad":1,"minecraft:bucket":2,"minecraft:acacia_planks":160,"minecraft:redstone":32,"minecraft:dandelion":4,"minecraft:smooth_basalt":5,"minecraft:furnace":2,"minecraft:stone_sword":3,"minecraft:raw_copper":80,"minecraft:tuff":17,"minecraft:chicken":4,"minecraft:iron_boots":1,"minecraft:iron_hoe":2,"minecraft:nether_bricks":1,"minecraft:flint_and_steel":1,"minecraft:diamond_sword":3,"minecraft:cobblestone_slab":11,"minecraft:shield":2,"minecraft:diamond_chestplate":1,"minecraft:diamond_pickaxe":1,"minecraft:andesite":58,"minecraft:oak_sapling":3,"minecraft:waxed_oxidized_cut_copper":2,"minecraft:diamond_boots":1,"minecraft:bow":6,"minecraft:stone_pickaxe":2,"minecraft:black_wool":1,"minecraft:waxed_oxidized_copper_trapdoor":2},"minecraft:killed_by":{"minecraft:creeper":1,"minecraft:player":1,"minecraft:skeleton":1}},"DataVersion":3953}