{"stats":{"minecraft:broken":{"minecraft:wooden_axe":2,"minecraft:wooden_pickaxe":1,"minecraft:iron_pickaxe":5,"minecraft:wooden_hoe":1},"minecraft:mined":{"minecraft:waxed_cut_copper_slab":1,"minecraft:large_amethyst_bud":4,"minecraft:white_bed":3,"minecraft:farmland":34,"minecraft:cobblestone_stairs":14,"minecraft:cave_vines_plant":2,"minecraft:potted_dead_bush":2,"minecraft:granite":124,"minecraft:budding_amethyst":8,"minecraft:acacia_log":147,"minecraft:grass_block":469,"minecraft:white_concrete":1,"minecraft:oak_pressure_plate":2,"minecraft:chiseled_tuff_bricks":3,"minecraft:tuff_bricks":41,"minecraft:spawner":8,"minecraft:smooth_stone":3,"minecraft:weeping_vines_plant":4,"minecraft:tall_seagrass":3,"minecraft:iron_ore":205,"minecraft:cobbled_deepslate":31,"minecraft:fire":11,"minecraft:polished_tuff":5,"minecraft:deepslate_lapis_ore":45,"minecraft:nether_brick_stairs":1,"minecraft:pointed_dripstone":12,"minecraft:cave_vines":3,"minecraft:dirt_path":2,"minecraft:small_amethyst_bud":3,"minecraft:polished_tuff_slab":2,"minecraft:waxed_cut_copper":1,"minecraft:deepslate_redstone_ore":32,"minecraft:brown_mushroom":1,"minecraft:medium_amethyst_bud":1,"minecraft:smoker":1,"minecraft:amethyst_cluster":5,"minecraft:torch":23,"minecraft:calcite":2,"minecraft:poppy":1,"minecraft:chest":4,"minecraft:nether_quartz_ore":36,"minecraft:cobblestone":47,"minecraft:oak_planks":15,"minecraft:wall_torch":138,"minecraft:amethyst_block":51,"minecraft:seagrass":1,"minecraft:waxed_copper_bulb":6,"minecraft:red_candle":1,"minecraft:acacia_sapling":1,"minecraft:nether_wart_block":7,"minecraft:birch_log":43,"minecraft:waxed_oxidized_copper_trapdoor":2,"minecraft:wheat":617,"minecraft:waxed_copper_block":3,"minecraft:oak_log":63,"minecraft:waxed_oxidized_copper":4,"minecraft:acacia_fence":190,"minecraft:sand":70,"minecraft:dirt":155,"minecraft:netherrack":144,"minecraft:oak_leaves":26,"minecraft:deepslate":1113,"minecraft:nether_gold_ore":4,"minecraft:diamond_ore":9,"minecraft:tuff":69,"minecraft:mossy_cobblestone":3,"minecraft:oak_door":1,"minecraft:deepslate_diamond_ore":155,"minecraft:candle":3,"minecraft:waxed_oxidized_chiseled_copper":1,"minecraft:nether_bricks":30,"minecraft:ladder":5,"minecraft:decorated_pot":25,"minecraft:weeping_vines":1,"minecraft:birch_slab":1,"minecraft:acacia_slab":6,"minecraft:sandstone":10,"minecraft:mangrove_propagule":1,"minecraft:hay_block":39,"minecraft:waxed_oxidized_cut_copper":3,"minecraft:furnace":5,"minecraft:acacia_trapdoor":1,"minecraft:waxed_copper_grate":4,"minecraft:andesite":75,"minecraft:acacia_stairs":19,"minecraft:chiseled_tuff":3,"minecraft:cobblestone_slab":8,"minecraft:deepslate_iron_ore":161,"minecraft:rail":5,"minecraft:waxed_weathered_copper_bulb":4,"minecraft:stone":655,"minecraft:birch_pressure_plate":3,"minecraft:acacia_leaves":33,"minecraft:dandelion":2,"minecraft:oak_fence":1,"minecraft:crafting_table":13,"minecraft:short_grass":608,"minecraft:copper_ore":71,"minecraft:tall_grass":41,"minecraft:red_glazed_terracotta":2,"minecraft:lapis_ore":16,"minecraft:deepslate_gold_ore":139,"minecraft:diorite":45,"minecraft:black_stained_glass":1,"minecraft:birch_planks":13,"minecraft:acacia_fence_gate":1,"minecraft:waxed_oxidized_copper_grate":4,"minecraft:ice":2,"minecraft:white_wall_banner":1,"minecraft:coal_ore":228,"minecraft:flower_pot":4,"minecraft:acacia_door":2,"minecraft:gravel":50,"minecraft:dripstone_block":8,"minecraft:cobweb":174,"minecraft:acacia_planks":60,"minecraft:gold_ore":22},"minecraft:killed_by":{"minecraft:wither_skeleton":3,"minecraft:creeper":1,"minecraft:blaze":2,"minecraft:zombie":1,"minecraft:player":1,"minecraft:skeleton":1},"minecraft:custom":{"minecraft:interact_with_crafting_table":238,"minecraft:open_barrel":10,"minecraft:bell_ring":5,"minecraft:leave_game":18,"minecraft:time_since_death":110707,"minecraft:sprint_one_cm":3876732,"minecraft:damage_blocked_by_shield":2297,"minecraft:drop":293,"minecraft:talked_to_villager":10,"minecraft:play_time":1303075,"minecraft:deaths":14,"minecraft:jump":13681,"minecraft:interact_with_brewingstand":1,"minecraft:walk_on_water_one_cm":271246,"minecraft:interact_with_furnace":220,"minecraft:sleep_in_bed":16,"minecraft:damage_dealt":58061,"minecraft:crouch_one_cm":82221,"minecraft:interact_with_smoker":24,"minecraft:use_cauldron":1,"minecraft:inspect_dispenser":24,"minecraft:interact_with_anvil":3,"minecraft:mob_kills":374,"minecraft:climb_one_cm":46627,"minecraft:walk_one_cm":4730598,"minecraft:sneak_time":30982,"minecraft:walk_under_water_one_cm":245859,"minecraft:boat_one_cm":1030161,"minecraft:interact_with_blast_furnace":28,"minecraft:total_world_time":1303075,"minecraft:time_since_rest":111760,"minecraft:damage_absorbed":40,"minecraft:damage_taken":13753,"minecraft:swim_one_cm":253855,"minecraft:fly_one_cm":1479451,"minecraft:open_chest":530,"minecraft:fish_caught":5,"minecraft:fall_one_cm":261705},"minecraft:used":{"minecraft:tuff_bricks":20,"minecraft:iron_shovel":249,"minecraft:ladder":31,"minecraft:chest":3,"minecraft:shield":80,"minecraft:stone":9,"minecraft:iron_sword":154,"minecraft:rotten_flesh":34,"minecraft:birch_pressure_plate":8,"minecraft:waxed_oxidized_chiseled_copper":1,"minecraft:nether_bricks":6,"minecraft:waxed_copper_grate":2,"minecraft:acacia_sapling":9,"minecraft:tuff":36,"minecraft:obsidian":14,"minecraft:lava_bucket":19,"minecraft:grass_block":1,"minecraft:bow":193,"minecraft:ominous_bottle":1,"minecraft:oak_sapling":5,"minecraft:furnace":4,"minecraft:cooked_cod":4,"minecraft:acacia_fence":336,"minecraft:egg":2,"minecraft:diorite":7,"minecraft:acacia_trapdoor":11,"minecraft:oak_planks":9,"minecraft:stone_pickaxe":43,"minecraft:wooden_pickaxe":42,"minecraft:sandstone":10,"minecraft:golden_apple":2,"minecraft:glow_berries":18,"minecraft:sand":66,"minecraft:blast_furnace":1,"minecraft:crossbow":7,"minecraft:lingering_potion":5,"minecraft:acacia_door":3,"minecraft:birch_slab":2,"minecraft:bread":180,"minecraft:gravel":6,"minecraft:chiseled_tuff_bricks":2,"minecraft:diamond_sword":1062,"minecraft:andesite":17,"minecraft:oak_boat":1,"minecraft:waxed_copper_bulb":1,"minecraft:bone_meal":454,"minecraft:stone_sword":126,"minecraft:acacia_log":6,"minecraft:flint_and_steel":36,"minecraft:cooked_salmon":4,"minecraft:wooden_shovel":31,"minecraft:trial_key":5,"minecraft:netherrack":4,"minecraft:oak_door":3,"minecraft:torch":1014,"minecraft:dirt":736,"minecraft:spyglass":86,"minecraft:granite":46,"minecraft:iron_hoe":1001,"minecraft:wooden_axe":174,"minecraft:iron_axe":328,"minecraft:acacia_slab":43,"minecraft:cooked_beef":5,"minecraft:cobbled_deepslate":738,"minecraft:acacia_planks":267,"minecraft:wheat_seeds":777,"minecraft:cooked_mutton":11,"minecraft:acacia_boat":3,"minecraft:water_bucket":206,"minecraft:cobblestone_stairs":28,"minecraft:rabbit":1,"minecraft:birch_planks":86,"minecraft:baked_potato":5,"minecraft:waxed_oxidized_cut_copper":1,"minecraft:cobblestone_slab":15,"minecraft:waxed_copper_block":2,"minecraft:tnt":2,"minecraft:crafting_table":16,"minecraft:white_bed":4,"minecraft:smoker":2,"minecraft:oak_log":7,"minecraft:cornflower":1,"minecraft:wooden_hoe":573,"minecraft:diamond_pickaxe":2299,"minecraft:acacia_stairs":42,"minecraft:iron_pickaxe":1630,"minecraft:acacia_fence_gate":2,"minecraft:fishing_rod":7,"minecraft:cobblestone":445,"minecraft:white_banner":1,"minecraft:cooked_porkchop":25,"minecraft:bucket":229,"minecraft:smooth_stone":6},"minecraft:crafted":{"minecraft:smooth_stone":5,"minecraft:oak_planks":204,"minecraft:cobblestone_slab":18,"minecraft:birch_slab":6,"minecraft:stone":15,"minecraft:cobblestone_stairs":24,"minecraft:cooked_mutton":11,"minecraft:diamond_helmet":3,"minecraft:bow":1,"minecraft:diamond_leggings":3,"minecraft:iron_boots":3,"minecraft:acacia_fence":159,"minecraft:smoker":1,"minecraft:wooden_shovel":1,"minecraft:cooked_porkchop":43,"minecraft:crafting_table":6,"minecraft:acacia_slab":42,"minecraft:wooden_pickaxe":1,"minecraft:iron_helmet":3,"minecraft:birch_pressure_plate":5,"minecraft:copper_ingot":107,"minecraft:oak_wood":3,"minecraft:birch_planks":172,"minecraft:iron_chestplate":2,"minecraft:wooden_hoe":2,"minecraft:diamond_pickaxe":4,"minecraft:shield":5,"minecraft:stick":452,"minecraft:iron_ingot":360,"minecraft:iron_pickaxe":7,"minecraft:stone_sword":1,"minecraft:acacia_door":3,"minecraft:gold_ingot":153,"minecraft:oak_door":3,"minecraft:fishing_rod":2,"minecraft:iron_nugget":6,"minecraft:furnace":2,"minecraft:acacia_fence_gate":1,"minecraft:blast_furnace":1,"minecraft:bone_meal":477,"minecraft:flint_and_steel":1,"minecraft:iron_axe":1,"minecraft:ladder":27,"minecraft:iron_hoe":5,"minecraft:stone_pickaxe":1,"minecraft:diamond_boots":3,"minecraft:wheat":351,"minecraft:cooked_beef":4,"minecraft:coal_block":4,"minecraft:cooked_cod":4,"minecraft:diamond_sword":3,"minecraft:iron_sword":1,"minecraft:acacia_trapdoor":10,"minecraft:cooked_salmon":3,"minecraft:bucket":6,"minecraft:acacia_stairs":28,"minecraft:acacia_boat":2,"minecraft:bread":323,"minecraft:air":0,"minecraft:oak_boat":1,"minecraft:golden_apple":1,"minecraft:wooden_axe":3,"minecraft:iron_shovel":1,"minecraft:iron_leggings":2,"minecraft:white_bed":2,"minecraft:torch":892,"minecraft:acacia_planks":580,"minecraft:diamond_chestplate":3},"minecraft:dropped":{"minecraft:acacia_boat":1,"minecraft:birch_planks":72,"minecraft:cooked_beef":2,"minecraft:oak_log":1,"minecraft:glow_ink_sac":27,"minecraft:diamond":2,"minecraft:crafting_table":4,"minecraft:cooked_porkchop":3,"minecraft:crossbow":2,"minecraft:rail":3,"minecraft:birch_slab":2,"minecraft:cobblestone_stairs":10,"minecraft:dirt":113,"minecraft:mutton":2,"minecraft:gold_nugget":43,"minecraft:iron_pickaxe":1,"minecraft:acacia_door":5,"minecraft:fishing_rod":2,"minecraft:white_wool":7,"minecraft:bone":3,"minecraft:oak_door":1,"minecraft:gravel":34,"minecraft:compass":2,"minecraft:spyglass":2,"minecraft:cobbled_deepslate":266,"minecraft:wheat":1,"minecraft:birch_sapling":1,"minecraft:pointed_dripstone":24,"minecraft:rotten_flesh":97,"minecraft:oak_planks":45,"minecraft:white_bed":1,"minecraft:acacia_stairs":5,"minecraft:poppy":6,"minecraft:rabbit_hide":1,"minecraft:tipped_arrow":2,"minecraft:acacia_slab":6,"minecraft:acacia_sapling":16,"minecraft:ladder":11,"minecraft:arrow":23,"minecraft:acacia_fence":121,"minecraft:netherrack":69,"minecraft:egg":1,"minecraft:water_bucket":1,"minecraft:bread":161,"minecraft:iron_ingot":7,"minecraft:wheat_seeds":931,"minecraft:dripstone_block":10,"minecraft:diamond_leggings":2,"minecraft:cobblestone":288,"minecraft:iron_helmet":1,"minecraft:oak_fence":2,"minecraft:feather":11,"minecraft:waxed_copper_grate":1,"minecraft:granite":83,"minecraft:copper_ingot":113,"minecraft:coal":2,"minecraft:pufferfish":1,"minecraft:stick":17,"minecraft:gray_wool":2,"minecraft:diorite":23,"minecraft:ink_sac":3,"minecraft:wooden_hoe":1,"minecraft:torch":10,"minecraft:wooden_axe":1,"minecraft:iron_axe":2,"minecraft:string":73,"minecraft:lily_pad":1,"minecraft:bucket":4,"minecraft:acacia_planks":160,"minecraft:redstone":32,"minecraft:dandelion":4,"minecraft:smooth_basalt":5,"minecraft:furnace":2,"minecraft:stone_sword":3,"minecraft:raw_copper":89,"minecraft:tuff":17,"minecraft:chicken":4,"minecraft:iron_boots":1,"minecraft:iron_hoe":2,"minecraft:nether_bricks":1,"minecraft:flint_and_steel":1,"minecraft:diamond_sword":3,"minecraft:cobblestone_slab":11,"minecraft:shield":2,"minecraft:diamond_chestplate":1,"minecraft:diamond_pickaxe":1,"minecraft:andesite":58,"minecraft:oak_sapling":3,"minecraft:waxed_oxidized_cut_copper":2,"minecraft:diamond_boots":1,"minecraft:bow":6,"minecraft:stone_pickaxe":2,"minecraft:calcite":1,"minecraft:black_wool":1,"minecraft:waxed_oxidized_copper_trapdoor":2},"minecraft:picked_up":{"minecraft:wooden_axe":1,"minecraft:iron_chestplate":2,"minecraft:wheat":600,"minecraft:flower_pot":5,"minecraft:lead":2,"minecraft:diamond_sword":6,"minecraft:potion":1,"minecraft:amethyst_block":180,"minecraft:string":233,"minecraft:waxed_cut_copper_slab":8,"minecraft:raw_copper":265,"minecraft:iron_leggings":4,"minecraft:pufferfish":1,"minecraft:diamond_leggings":5,"minecraft:smooth_stone":4,"minecraft:gold_nugget":60,"minecraft:cobbled_deepslate":1222,"minecraft:bucket":2,"minecraft:acacia_fence_gate":2,"minecraft:trial_key":5,"minecraft:cobblestone_slab":8,"minecraft:calcite":2,"minecraft:iron_pickaxe":8,"minecraft:coal_block":1,"minecraft:iron_boots":3,"minecraft:furnace":7,"minecraft:tipped_arrow":3,"minecraft:stick":27,"minecraft:acacia_fence":310,"minecraft:oak_fence":3,"minecraft:torch":481,"minecraft:acacia_log":152,"minecraft:porkchop":28,"minecraft:waxed_copper_grate":3,"minecraft:pointed_dripstone":24,"minecraft:diorite":26,"minecraft:stone_sword":4,"minecraft:rotten_flesh":149,"minecraft:waxed_cut_copper":6,"minecraft:blaze_rod":7,"minecraft:obsidian":24,"minecraft:cod":3,"minecraft:cobblestone":832,"minecraft:birch_log":43,"minecraft:feather":6,"minecraft:cooked_beef":3,"minecraft:birch_slab":2,"minecraft:water_bucket":6,"minecraft:andesite":87,"minecraft:smoker":1,"minecraft:flint":6,"minecraft:tuff":71,"minecraft:acacia_boat":3,"minecraft:lapis_lazuli":549,"minecraft:dirt":966,"minecraft:name_tag":6,"minecraft:bone":111,"minecraft:acacia_planks":473,"minecraft:bow":11,"minecraft:wheat_seeds":1848,"minecraft:raw_gold":176,"minecraft:rabbit":2,"minecraft:diamond_helmet":1,"minecraft:oak_planks":24,"minecraft:waxed_oxidized_copper_trapdoor":4,"minecraft:cooked_porkchop":4,"minecraft:oak_pressure_plate":2,"minecraft:waxed_chiseled_copper":3,"minecraft:sand":72,"minecraft:nether_brick_stairs":1,"minecraft:ink_sac":3,"minecraft:dead_bush":1,"minecraft:grass_block":1,"minecraft:acacia_stairs":19,"minecraft:iron_hoe":2,"minecraft:diamond":190,"minecraft:waxed_oxidized_copper_grate":2,"minecraft:granite":198,"minecraft:crossbow":2,"minecraft:breeze_rod":13,"minecraft:golden_apple":1,"minecraft:emerald":40,"minecraft:golden_horse_armor":2,"minecraft:bread":138,"minecraft:oak_sapling":8,"minecraft:netherrack":177,"minecraft:diamond_pickaxe":4,"minecraft:lingering_potion":3,"minecraft:fishing_rod":1,"minecraft:waxed_oxidized_cut_copper":5,"minecraft:crafting_table":16,"minecraft:ominous_bottle":3,"minecraft:chicken":4,"minecraft:ladder":15,"minecraft:brown_mushroom":1,"minecraft:brick":100,"minecraft:shield":4,"minecraft:wind_charge":25,"minecraft:cornflower":1,"minecraft:iron_axe":5,"minecraft:acacia_door":4,"minecraft:flint_and_steel":1,"minecraft:compass":2,"minecraft:candle":9,"minecraft:oak_boat":1,"minecraft:poppy":10,"minecraft:guster_pottery_sherd":1,"minecraft:chest":3,"minecraft:birch_sapling":1,"minecraft:egg":8,"minecraft:raw_iron":375,"minecraft:sandstone":10,"minecraft:oak_door":1,"minecraft:bamboo_hanging_sign":3,"minecraft:copper_ingot":75,"minecraft:flow_pottery_sherd":4,"minecraft:redstone":218,"minecraft:tnt":2,"minecraft:waxed_oxidized_chiseled_copper":1,"minecraft:arrow":384,"minecraft:weeping_vines":5,"minecraft:diamond_chestplate":5,"minecraft:decorated_pot":3,"minecraft:beetroot_seeds":3,"minecraft:nether_bricks":59,"minecraft:diamond_boots":3,"minecraft:hay_block":43,"minecraft:saddle":1,"minecraft:gold_ingot":194,"minecraft:tuff_bricks":62,"minecraft:glow_berries":3,"minecraft:mutton":9,"minecraft:rail":8,"minecraft:white_wool":10,"minecraft:golden_carrot":5,"minecraft:glow_ink_sac":31,"minecraft:salmon":1,"minecraft:leather":1,"minecraft:filled_map":2,"minecraft:birch_planks":30,"minecraft:waxed_copper_bulb":3,"minecraft:oak_log":64,"minecraft:waxed_copper_block":6,"minecraft:lily_pad":1,"minecraft:nether_wart_block":9,"minecraft:gunpowder":104,"minecraft:cobblestone_stairs":16,"minecraft:wooden_hoe":1,"minecraft:white_banner":3,"minecraft:birch_pressure_plate":3,"minecraft:apple":1,"minecraft:acacia_trapdoor":1,"minecraft:rabbit_hide":1,"minecraft:iron_ingot":121,"minecraft:polished_tuff_slab":2,"minecraft:cooked_chicken":4,"minecraft:iron_sword":2,"minecraft:acacia_sapling":29,"minecraft:quartz":36,"minecraft:spyglass":2,"minecraft:dandelion":5,"minecraft:dripstone_block":10,"minecraft:gravel":62,"minecraft:lava_bucket":1,"minecraft:amethyst_shard":164,"minecraft:white_bed":4,"minecraft:spider_eye":28,"minecraft:polished_tuff":2,"minecraft:iron_helmet":3,"minecraft:diamond_axe":1,"minecraft:gray_wool":2,"minecraft:baked_potato":13,"minecraft:acacia_slab":7,"minecraft:black_wool":1,"minecraft:coal":475,"minecraft:chiseled_tuff_bricks":3},"minecraft:killed":{"minecraft:cave_spider":22,"minecraft:witch":2,"minecraft:spider":38,"minecraft:skeleton":86,"minecraft:pig":12,"minecraft:creeper":22,"minecraft:sheep":5,"minecraft:pillager":5,"minecraft:zombie":116,"minecraft:stray":4,"minecraft:glow_squid":3,"minecraft:blaze":24,"minecraft:drowned":7,"minecraft:rabbit":2,"minecraft:breeze":8,"minecraft:wither_skeleton":2,"minecraft:villager":1,"minecraft:enderman":2}},"DataVersion":3953}