{"stats":{"minecraft:crafted":{"minecraft:smooth_stone":5,"minecraft:oak_planks":432,"minecraft:cobblestone_slab":18,"minecraft:birch_slab":6,"minecraft:stone":15,"minecraft:cobblestone_stairs":24,"minecraft:cooked_mutton":11,"minecraft:diamond_helmet":4,"minecraft:bow":1,"minecraft:diamond_leggings":4,"minecraft:iron_boots":4,"minecraft:birch_fence_gate":1,"minecraft:acacia_fence":159,"minecraft:netherite_upgrade_smithing_template":6,"minecraft:smoker":1,"minecraft:wooden_shovel":2,"minecraft:cooked_porkchop":45,"minecraft:crafting_table":8,"minecraft:acacia_slab":42,"minecraft:wooden_pickaxe":1,"minecraft:iron_helmet":4,"minecraft:birch_pressure_plate":5,"minecraft:smithing_table":1,"minecraft:copper_ingot":107,"minecraft:oak_wood":3,"minecraft:birch_planks":172,"minecraft:tnt":1,"minecraft:iron_chestplate":3,"minecraft:wooden_hoe":2,"minecraft:diamond_pickaxe":9,"minecraft:golden_leggings":1,"minecraft:shield":6,"minecraft:birch_fence":45,"minecraft:stick":964,"minecraft:iron_ingot":488,"minecraft:iron_pickaxe":9,"minecraft:stone_sword":1,"minecraft:acacia_door":3,"minecraft:gold_ingot":171,"minecraft:netherite_ingot":3,"minecraft:oak_door":3,"minecraft:fishing_rod":2,"minecraft:iron_nugget":7,"minecraft:acacia_fence_gate":1,"minecraft:furnace":3,"minecraft:blast_furnace":1,"minecraft:bone_meal":948,"minecraft:oak_trapdoor":4,"minecraft:flint_and_steel":1,"minecraft:iron_axe":1,"minecraft:ladder":180,"minecraft:iron_hoe":5,"minecraft:stone_pickaxe":1,"minecraft:cobblestone_wall":6,"minecraft:diamond_boots":3,"minecraft:netherite_scrap":15,"minecraft:wheat":351,"minecraft:cooked_beef":7,"minecraft:coal_block":4,"minecraft:cooked_cod":4,"minecraft:netherite_pickaxe":1,"minecraft:diamond_sword":4,"minecraft:iron_sword":1,"minecraft:acacia_trapdoor":10,"minecraft:cooked_salmon":3,"minecraft:bucket":9,"minecraft:acacia_stairs":28,"minecraft:air":0,"minecraft:acacia_boat":2,"minecraft:bread":428,"minecraft:oak_boat":2,"minecraft:golden_apple":1,"minecraft:gold_nugget":3,"minecraft:oak_stairs":24,"minecraft:wooden_axe":3,"minecraft:iron_shovel":1,"minecraft:iron_leggings":3,"minecraft:white_bed":2,"minecraft:torch":1336,"minecraft:acacia_planks":580,"minecraft:diamond_chestplate":3},"minecraft:picked_up":{"minecraft:wooden_axe":1,"minecraft:iron_chestplate":3,"minecraft:wheat":923,"minecraft:flower_pot":5,"minecraft:lead":2,"minecraft:diamond_sword":10,"minecraft:enchanted_book":1,"minecraft:potion":2,"minecraft:gilded_blackstone":1,"minecraft:golden_sword":1,"minecraft:amethyst_block":180,"minecraft:string":245,"minecraft:waxed_cut_copper_slab":8,"minecraft:soul_soil":45,"minecraft:raw_copper":274,"minecraft:iron_leggings":4,"minecraft:pufferfish":1,"minecraft:diamond_leggings":6,"minecraft:smooth_stone":4,"minecraft:gold_nugget":231,"minecraft:cobbled_deepslate":2450,"minecraft:bucket":5,"minecraft:spruce_planks":5,"minecraft:acacia_fence_gate":2,"minecraft:trial_key":5,"minecraft:cobblestone_slab":8,"minecraft:calcite":2,"minecraft:netherite_upgrade_smithing_template":2,"minecraft:iron_pickaxe":8,"minecraft:coal_block":1,"minecraft:iron_boots":4,"minecraft:furnace":8,"minecraft:tipped_arrow":3,"minecraft:stick":27,"minecraft:acacia_fence":310,"minecraft:oak_fence":3,"minecraft:torch":606,"minecraft:acacia_log":152,"minecraft:porkchop":30,"minecraft:pointed_dripstone":24,"minecraft:waxed_copper_grate":3,"minecraft:diorite":33,"minecraft:stone_sword":4,"minecraft:rotten_flesh":182,"minecraft:waxed_cut_copper":6,"minecraft:blaze_rod":7,"minecraft:obsidian":24,"minecraft:cod":3,"minecraft:cobblestone":1099,"minecraft:birch_log":43,"minecraft:magma_block":2,"minecraft:feather":6,"minecraft:cooked_beef":3,"minecraft:water_bucket":6,"minecraft:birch_slab":2,"minecraft:andesite":97,"minecraft:golden_leggings":1,"minecraft:smoker":1,"minecraft:flint":15,"minecraft:tuff":238,"minecraft:acacia_boat":3,"minecraft:lapis_lazuli":701,"minecraft:dirt":1123,"minecraft:name_tag":6,"minecraft:bone":125,"minecraft:acacia_planks":473,"minecraft:bow":12,"minecraft:wheat_seeds":2848,"minecraft:raw_gold":185,"minecraft:diamond_helmet":2,"minecraft:rabbit":2,"minecraft:oak_planks":62,"minecraft:waxed_oxidized_copper_trapdoor":4,"minecraft:cooked_porkchop":42,"minecraft:oak_pressure_plate":2,"minecraft:waxed_chiseled_copper":3,"minecraft:birch_fence_gate":1,"minecraft:sand":136,"minecraft:nether_brick_stairs":1,"minecraft:ink_sac":3,"minecraft:dead_bush":1,"minecraft:grass_block":1,"minecraft:acacia_stairs":19,"minecraft:spectral_arrow":30,"minecraft:mossy_cobblestone":46,"minecraft:iron_hoe":4,"minecraft:diamond":283,"minecraft:waxed_oxidized_copper_grate":2,"minecraft:cracked_polished_blackstone_bricks":19,"minecraft:breeze_rod":13,"minecraft:crossbow":2,"minecraft:granite":199,"minecraft:golden_apple":1,"minecraft:emerald":40,"minecraft:golden_horse_armor":2,"minecraft:bread":252,"minecraft:oak_sapling":10,"minecraft:netherrack":1293,"minecraft:diamond_pickaxe":9,"minecraft:lingering_potion":3,"minecraft:fishing_rod":1,"minecraft:waxed_oxidized_cut_copper":5,"minecraft:crafting_table":26,"minecraft:ominous_bottle":3,"minecraft:chicken":4,"minecraft:ladder":36,"minecraft:brown_mushroom":1,"minecraft:packed_ice":1,"minecraft:chain":6,"minecraft:shield":6,"minecraft:brick":100,"minecraft:wind_charge":25,"minecraft:cornflower":2,"minecraft:acacia_door":4,"minecraft:iron_axe":5,"minecraft:flint_and_steel":1,"minecraft:netherite_scrap":1,"minecraft:compass":2,"minecraft:birch_fence":11,"minecraft:blackstone":87,"minecraft:candle":9,"minecraft:beef":3,"minecraft:oak_boat":2,"minecraft:poppy":10,"minecraft:guster_pottery_sherd":1,"minecraft:chest":5,"minecraft:birch_sapling":1,"minecraft:egg":8,"minecraft:phantom_membrane":1,"minecraft:raw_iron":435,"minecraft:sandstone":10,"minecraft:oak_door":1,"minecraft:bamboo_hanging_sign":3,"minecraft:copper_ingot":75,"minecraft:polished_blackstone_bricks":13,"minecraft:flow_pottery_sherd":4,"minecraft:redstone":261,"minecraft:tnt":2,"minecraft:waxed_oxidized_chiseled_copper":1,"minecraft:arrow":406,"minecraft:weeping_vines":5,"minecraft:diamond_chestplate":6,"minecraft:beetroot_seeds":3,"minecraft:decorated_pot":3,"minecraft:nether_bricks":59,"minecraft:diamond_boots":6,"minecraft:hay_block":43,"minecraft:gold_ingot":217,"minecraft:saddle":3,"minecraft:tuff_bricks":89,"minecraft:glow_berries":3,"minecraft:mutton":9,"minecraft:white_wool":10,"minecraft:bone_block":121,"minecraft:rail":8,"minecraft:basalt":9,"minecraft:golden_carrot":5,"minecraft:glow_ink_sac":31,"minecraft:salmon":1,"minecraft:leather":16,"minecraft:birch_planks":30,"minecraft:filled_map":3,"minecraft:waxed_copper_bulb":3,"minecraft:oak_log":121,"minecraft:waxed_copper_block":6,"minecraft:lily_pad":1,"minecraft:ancient_debris":30,"minecraft:golden_boots":1,"minecraft:nether_wart_block":9,"minecraft:gunpowder":113,"minecraft:cobblestone_stairs":16,"minecraft:wooden_hoe":1,"minecraft:white_banner":3,"minecraft:birch_pressure_plate":3,"minecraft:apple":1,"minecraft:kelp":83,"minecraft:acacia_trapdoor":1,"minecraft:rabbit_hide":1,"minecraft:iron_ingot":121,"minecraft:polished_tuff_slab":2,"minecraft:cooked_chicken":4,"minecraft:iron_sword":3,"minecraft:acacia_sapling":29,"minecraft:soul_sand":119,"minecraft:quartz":196,"minecraft:dandelion":5,"minecraft:spyglass":2,"minecraft:dripstone_block":10,"minecraft:gravel":125,"minecraft:lava_bucket":1,"minecraft:amethyst_shard":164,"minecraft:white_bed":4,"minecraft:spruce_log":2,"minecraft:crying_obsidian":5,"minecraft:spider_eye":30,"minecraft:polished_tuff":2,"minecraft:iron_helmet":3,"minecraft:diamond_axe":1,"minecraft:gray_wool":2,"minecraft:baked_potato":13,"minecraft:acacia_slab":7,"minecraft:black_wool":1,"minecraft:coal":577,"minecraft:chiseled_tuff_bricks":4},"minecraft:custom":{"minecraft:animals_bred":2,"minecraft:interact_with_crafting_table":299,"minecraft:open_barrel":10,"minecraft:bell_ring":16,"minecraft:leave_game":27,"minecraft:time_since_death":188697,"minecraft:sprint_one_cm":4727407,"minecraft:damage_blocked_by_shield":3196,"minecraft:drop":386,"minecraft:talked_to_villager":15,"minecraft:play_time":1762509,"minecraft:deaths":19,"minecraft:jump":18088,"minecraft:interact_with_brewingstand":1,"minecraft:walk_on_water_one_cm":298590,"minecraft:interact_with_furnace":224,"minecraft:interact_with_cartography_table":1,"minecraft:sleep_in_bed":21,"minecraft:damage_dealt":71953,"minecraft:crouch_one_cm":163991,"minecraft:interact_with_smoker":33,"minecraft:use_cauldron":5,"minecraft:interact_with_smithing_table":9,"minecraft:inspect_dispenser":24,"minecraft:interact_with_anvil":4,"minecraft:mob_kills":451,"minecraft:fill_cauldron":4,"minecraft:climb_one_cm":137015,"minecraft:walk_one_cm":6164171,"minecraft:sneak_time":61118,"minecraft:walk_under_water_one_cm":259014,"minecraft:boat_one_cm":1151274,"minecraft:interact_with_blast_furnace":45,"minecraft:total_world_time":1762509,"minecraft:time_since_rest":124939,"minecraft:damage_absorbed":79,"minecraft:damage_taken":17399,"minecraft:swim_one_cm":289862,"minecraft:fly_one_cm":1929282,"minecraft:open_chest":757,"minecraft:fall_one_cm":332009,"minecraft:fish_caught":5},"minecraft:broken":{"minecraft:wooden_axe":2,"minecraft:wooden_pickaxe":1,"minecraft:iron_axe":1,"minecraft:iron_pickaxe":6,"minecraft:wooden_hoe":1},"minecraft:mined":{"minecraft:waxed_cut_copper_slab":1,"minecraft:large_amethyst_bud":4,"minecraft:white_bed":3,"minecraft:farmland":34,"minecraft:sculk_vein":7,"minecraft:cobblestone_stairs":14,"minecraft:cave_vines_plant":2,"minecraft:potted_dead_bush":2,"minecraft:granite":124,"minecraft:budding_amethyst":8,"minecraft:acacia_log":147,"minecraft:grass_block":530,"minecraft:white_concrete":1,"minecraft:cracked_polished_blackstone_bricks":12,"minecraft:oak_pressure_plate":2,"minecraft:soul_soil":34,"minecraft:chiseled_tuff_bricks":4,"minecraft:tuff_bricks":75,"minecraft:spawner":10,"minecraft:gilded_blackstone":1,"minecraft:weeping_vines_plant":4,"minecraft:polished_blackstone_bricks":13,"minecraft:smooth_stone":3,"minecraft:tall_seagrass":5,"minecraft:magma_block":3,"minecraft:iron_ore":233,"minecraft:fire":11,"minecraft:cobbled_deepslate":86,"minecraft:polished_tuff":6,"minecraft:deepslate_lapis_ore":66,"minecraft:nether_brick_stairs":1,"minecraft:pointed_dripstone":12,"minecraft:cave_vines":3,"minecraft:dirt_path":3,"minecraft:small_amethyst_bud":3,"minecraft:polished_tuff_slab":2,"minecraft:waxed_cut_copper":1,"minecraft:deepslate_redstone_ore":41,"minecraft:brown_mushroom":1,"minecraft:blackstone":50,"minecraft:kelp_plant":13,"minecraft:medium_amethyst_bud":1,"minecraft:smoker":1,"minecraft:soul_fire":9,"minecraft:amethyst_cluster":5,"minecraft:powder_snow":2,"minecraft:torch":27,"minecraft:poppy":1,"minecraft:calcite":2,"minecraft:chest":6,"minecraft:nether_quartz_ore":80,"minecraft:cobblestone":174,"minecraft:oak_planks":16,"minecraft:wall_torch":171,"minecraft:amethyst_block":51,"minecraft:seagrass":2,"minecraft:waxed_copper_bulb":6,"minecraft:red_candle":1,"minecraft:acacia_sapling":1,"minecraft:birch_log":43,"minecraft:nether_wart_block":7,"minecraft:waxed_oxidized_copper_trapdoor":2,"minecraft:wheat":982,"minecraft:waxed_copper_block":3,"minecraft:oak_log":120,"minecraft:waxed_oxidized_copper":4,"minecraft:acacia_fence":190,"minecraft:sand":134,"minecraft:dirt":210,"minecraft:ancient_debris":15,"minecraft:netherrack":1054,"minecraft:oak_leaves":46,"minecraft:deepslate":2441,"minecraft:nether_gold_ore":27,"minecraft:diamond_ore":9,"minecraft:tuff":234,"minecraft:mossy_cobblestone":50,"minecraft:oak_door":1,"minecraft:deepslate_diamond_ore":249,"minecraft:candle":3,"minecraft:waxed_oxidized_chiseled_copper":1,"minecraft:nether_bricks":30,"minecraft:birch_fence_gate":1,"minecraft:ladder":43,"minecraft:decorated_pot":25,"minecraft:weeping_vines":1,"minecraft:birch_slab":1,"minecraft:acacia_slab":6,"minecraft:sandstone":10,"minecraft:mangrove_propagule":1,"minecraft:hay_block":39,"minecraft:waxed_oxidized_cut_copper":3,"minecraft:furnace":6,"minecraft:acacia_trapdoor":1,"minecraft:waxed_copper_grate":4,"minecraft:andesite":84,"minecraft:acacia_stairs":19,"minecraft:chiseled_tuff":3,"minecraft:cobblestone_slab":8,"minecraft:deepslate_iron_ore":168,"minecraft:rail":5,"minecraft:packed_ice":12,"minecraft:waxed_weathered_copper_bulb":4,"minecraft:stone":942,"minecraft:bone_block":89,"minecraft:birch_pressure_plate":3,"minecraft:acacia_leaves":33,"minecraft:soul_sand":109,"minecraft:basalt":3,"minecraft:dandelion":2,"minecraft:oak_fence":1,"minecraft:crafting_table":22,"minecraft:short_grass":618,"minecraft:sculk_sensor":3,"minecraft:copper_ore":74,"minecraft:tall_grass":41,"minecraft:red_glazed_terracotta":2,"minecraft:lapis_ore":18,"minecraft:deepslate_gold_ore":148,"minecraft:diorite":65,"minecraft:sculk":200,"minecraft:black_stained_glass":1,"minecraft:birch_planks":13,"minecraft:acacia_fence_gate":1,"minecraft:waxed_oxidized_copper_grate":4,"minecraft:ice":2,"minecraft:spruce_log":2,"minecraft:white_wall_banner":1,"minecraft:coal_ore":333,"minecraft:acacia_door":2,"minecraft:flower_pot":4,"minecraft:gravel":77,"minecraft:dripstone_block":8,"minecraft:cobweb":174,"minecraft:acacia_planks":60,"minecraft:gold_ore":22,"minecraft:birch_fence":11},"minecraft:killed":{"minecraft:cave_spider":22,"minecraft:witch":2,"minecraft:spider":45,"minecraft:skeleton":102,"minecraft:piglin_brute":1,"minecraft:piglin":8,"minecraft:pig":13,"minecraft:zombie_villager":1,"minecraft:creeper":25,"minecraft:sheep":5,"minecraft:pillager":5,"minecraft:zombie":149,"minecraft:stray":5,"minecraft:glow_squid":3,"minecraft:blaze":25,"minecraft:cow":2,"minecraft:phantom":1,"minecraft:drowned":7,"minecraft:rabbit":2,"minecraft:breeze":8,"minecraft:wither_skeleton":2,"minecraft:villager":1,"minecraft:enderman":2},"minecraft:used":{"minecraft:tuff_bricks":21,"minecraft:iron_shovel":249,"minecraft:ladder":198,"minecraft:chest":4,"minecraft:shield":110,"minecraft:iron_sword":154,"minecraft:stone":9,"minecraft:rotten_flesh":34,"minecraft:soul_sand":36,"minecraft:birch_pressure_plate":8,"minecraft:waxed_oxidized_chiseled_copper":1,"minecraft:nether_bricks":6,"minecraft:waxed_copper_grate":2,"minecraft:acacia_sapling":9,"minecraft:tuff":36,"minecraft:obsidian":14,"minecraft:packed_ice":1,"minecraft:lava_bucket":19,"minecraft:grass_block":1,"minecraft:bow":193,"minecraft:ominous_bottle":1,"minecraft:oak_sapling":5,"minecraft:furnace":5,"minecraft:cooked_cod":4,"minecraft:acacia_fence":336,"minecraft:egg":2,"minecraft:diorite":11,"minecraft:oak_planks":21,"minecraft:stone_pickaxe":43,"minecraft:acacia_trapdoor":11,"minecraft:wooden_pickaxe":42,"minecraft:sandstone":10,"minecraft:golden_apple":3,"minecraft:glow_berries":18,"minecraft:sand":66,"minecraft:blast_furnace":1,"minecraft:crossbow":7,"minecraft:lingering_potion":5,"minecraft:birch_fence":47,"minecraft:birch_slab":2,"minecraft:birch_fence_gate":2,"minecraft:acacia_door":3,"minecraft:bread":240,"minecraft:gravel":10,"minecraft:chiseled_tuff_bricks":3,"minecraft:diamond_sword":1237,"minecraft:smithing_table":1,"minecraft:andesite":23,"minecraft:oak_trapdoor":1,"minecraft:oak_boat":2,"minecraft:waxed_copper_bulb":1,"minecraft:bone_meal":739,"minecraft:netherite_sword":62,"minecraft:stone_sword":126,"minecraft:acacia_log":6,"minecraft:flint_and_steel":36,"minecraft:cooked_salmon":4,"minecraft:trial_key":5,"minecraft:wooden_shovel":85,"minecraft:netherrack":729,"minecraft:oak_door":3,"minecraft:torch":1422,"minecraft:dirt":749,"minecraft:spyglass":86,"minecraft:cobblestone_wall":2,"minecraft:granite":46,"minecraft:iron_hoe":1543,"minecraft:wooden_axe":174,"minecraft:iron_axe":426,"minecraft:oak_stairs":21,"minecraft:acacia_slab":43,"minecraft:soul_soil":7,"minecraft:netherite_pickaxe":26,"minecraft:cooked_beef":8,"minecraft:cobbled_deepslate":1122,"minecraft:acacia_planks":267,"minecraft:wheat_seeds":1142,"minecraft:cooked_mutton":11,"minecraft:acacia_boat":3,"minecraft:water_bucket":249,"minecraft:cobblestone_stairs":28,"minecraft:rabbit":1,"minecraft:birch_planks":86,"minecraft:baked_potato":5,"minecraft:waxed_oxidized_cut_copper":1,"minecraft:cobblestone_slab":15,"minecraft:waxed_copper_block":2,"minecraft:mossy_cobblestone":2,"minecraft:tnt":2,"minecraft:crafting_table":25,"minecraft:white_bed":4,"minecraft:spruce_log":1,"minecraft:smoker":2,"minecraft:oak_log":7,"minecraft:wooden_hoe":573,"minecraft:acacia_stairs":42,"minecraft:cornflower":1,"minecraft:diamond_pickaxe":5662,"minecraft:cracked_polished_blackstone_bricks":9,"minecraft:iron_pickaxe":2005,"minecraft:acacia_fence_gate":2,"minecraft:fishing_rod":7,"minecraft:cobblestone":523,"minecraft:white_banner":1,"minecraft:cooked_porkchop":27,"minecraft:bucket":274,"minecraft:smooth_stone":6},"minecraft:dropped":{"minecraft:acacia_boat":1,"minecraft:soul_sand":52,"minecraft:birch_planks":72,"minecraft:cooked_beef":2,"minecraft:oak_log":1,"minecraft:glow_ink_sac":27,"minecraft:diamond":2,"minecraft:crafting_table":4,"minecraft:cooked_porkchop":3,"minecraft:crossbow":2,"minecraft:rail":3,"minecraft:birch_slab":2,"minecraft:cobblestone_stairs":10,"minecraft:cracked_polished_blackstone_bricks":4,"minecraft:dirt":263,"minecraft:mutton":2,"minecraft:chain":3,"minecraft:gold_nugget":43,"minecraft:sand":64,"minecraft:polished_blackstone_bricks":1,"minecraft:iron_pickaxe":2,"minecraft:acacia_door":5,"minecraft:fishing_rod":2,"minecraft:white_wool":7,"minecraft:gold_ingot":9,"minecraft:bone":3,"minecraft:oak_door":1,"minecraft:gravel":71,"minecraft:compass":2,"minecraft:spyglass":2,"minecraft:cobbled_deepslate":716,"minecraft:wheat":1,"minecraft:birch_sapling":1,"minecraft:pointed_dripstone":24,"minecraft:rotten_flesh":130,"minecraft:oak_planks":88,"minecraft:white_bed":1,"minecraft:acacia_stairs":5,"minecraft:poppy":6,"minecraft:rabbit_hide":1,"minecraft:tipped_arrow":2,"minecraft:acacia_slab":6,"minecraft:acacia_sapling":16,"minecraft:ladder":11,"minecraft:basalt":3,"minecraft:arrow":23,"minecraft:acacia_fence":121,"minecraft:netherrack":268,"minecraft:egg":1,"minecraft:water_bucket":1,"minecraft:bread":225,"minecraft:iron_ingot":7,"minecraft:netherite_pickaxe":1,"minecraft:wheat_seeds":1630,"minecraft:mossy_cobblestone":44,"minecraft:dripstone_block":10,"minecraft:diamond_leggings":2,"minecraft:iron_helmet":1,"minecraft:oak_fence":2,"minecraft:feather":11,"minecraft:cobblestone":469,"minecraft:waxed_copper_grate":1,"minecraft:granite":84,"minecraft:copper_ingot":113,"minecraft:coal":66,"minecraft:pufferfish":1,"minecraft:stick":17,"minecraft:gray_wool":2,"minecraft:diorite":26,"minecraft:ink_sac":3,"minecraft:wooden_hoe":1,"minecraft:torch":13,"minecraft:wooden_axe":1,"minecraft:oak_stairs":3,"minecraft:iron_axe":2,"minecraft:string":79,"minecraft:lily_pad":1,"minecraft:bucket":4,"minecraft:acacia_planks":160,"minecraft:redstone":32,"minecraft:dandelion":4,"minecraft:smooth_basalt":5,"minecraft:furnace":2,"minecraft:soul_soil":22,"minecraft:stone_sword":3,"minecraft:raw_copper":98,"minecraft:tuff":181,"minecraft:raw_iron":25,"minecraft:chicken":4,"minecraft:iron_boots":1,"minecraft:iron_hoe":2,"minecraft:nether_bricks":1,"minecraft:flint_and_steel":1,"minecraft:diamond_sword":3,"minecraft:cobblestone_slab":11,"minecraft:shield":2,"minecraft:diamond_chestplate":1,"minecraft:spruce_planks":5,"minecraft:diamond_pickaxe":1,"minecraft:andesite":62,"minecraft:oak_boat":1,"minecraft:oak_sapling":5,"minecraft:waxed_oxidized_cut_copper":2,"minecraft:wooden_shovel":1,"minecraft:diamond_boots":1,"minecraft:bow":7,"minecraft:stone_pickaxe":2,"minecraft:calcite":1,"minecraft:black_wool":1,"minecraft:waxed_oxidized_copper_trapdoor":2},"minecraft:killed_by":{"minecraft:wither_skeleton":3,"minecraft:piglin_brute":2,"minecraft:creeper":1,"minecraft:piglin":1,"minecraft:blaze":2,"minecraft:zombie":1,"minecraft:player":1,"minecraft:skeleton":1}},"DataVersion":3953}