{"stats":{"minecraft:broken":{"minecraft:wooden_axe":2,"minecraft:wooden_pickaxe":1,"minecraft:iron_pickaxe":5,"minecraft:wooden_hoe":1},"minecraft:mined":{"minecraft:waxed_cut_copper_slab":1,"minecraft:white_bed":3,"minecraft:farmland":34,"minecraft:cobblestone_stairs":14,"minecraft:potted_dead_bush":2,"minecraft:granite":66,"minecraft:acacia_log":147,"minecraft:grass_block":363,"minecraft:white_concrete":1,"minecraft:oak_pressure_plate":2,"minecraft:chiseled_tuff_bricks":3,"minecraft:tuff_bricks":30,"minecraft:spawner":1,"minecraft:smooth_stone":3,"minecraft:tall_seagrass":1,"minecraft:iron_ore":183,"minecraft:cobbled_deepslate":17,"minecraft:fire":4,"minecraft:polished_tuff":5,"minecraft:deepslate_lapis_ore":11,"minecraft:cave_vines":1,"minecraft:polished_tuff_slab":2,"minecraft:waxed_cut_copper":1,"minecraft:brown_mushroom":1,"minecraft:smoker":1,"minecraft:torch":12,"minecraft:poppy":1,"minecraft:chest":4,"minecraft:cobblestone":37,"minecraft:oak_planks":1,"minecraft:wall_torch":72,"minecraft:seagrass":1,"minecraft:waxed_copper_bulb":6,"minecraft:red_candle":1,"minecraft:acacia_sapling":1,"minecraft:waxed_oxidized_copper_trapdoor":2,"minecraft:birch_log":36,"minecraft:wheat":356,"minecraft:waxed_copper_block":3,"minecraft:oak_log":6,"minecraft:waxed_oxidized_copper":4,"minecraft:acacia_fence":188,"minecraft:sand":70,"minecraft:dirt":134,"minecraft:oak_leaves":3,"minecraft:deepslate":610,"minecraft:tuff":39,"minecraft:mossy_cobblestone":3,"minecraft:deepslate_diamond_ore":58,"minecraft:candle":3,"minecraft:waxed_oxidized_chiseled_copper":1,"minecraft:ladder":5,"minecraft:decorated_pot":25,"minecraft:birch_slab":1,"minecraft:acacia_slab":6,"minecraft:mangrove_propagule":1,"minecraft:sandstone":10,"minecraft:hay_block":14,"minecraft:waxed_oxidized_cut_copper":3,"minecraft:furnace":5,"minecraft:acacia_trapdoor":1,"minecraft:waxed_copper_grate":4,"minecraft:acacia_stairs":19,"minecraft:andesite":35,"minecraft:chiseled_tuff":3,"minecraft:deepslate_iron_ore":76,"minecraft:cobblestone_slab":8,"minecraft:rail":1,"minecraft:waxed_weathered_copper_bulb":4,"minecraft:stone":401,"minecraft:acacia_leaves":33,"minecraft:dandelion":2,"minecraft:crafting_table":12,"minecraft:short_grass":607,"minecraft:tall_grass":41,"minecraft:copper_ore":49,"minecraft:red_glazed_terracotta":2,"minecraft:lapis_ore":12,"minecraft:deepslate_gold_ore":53,"minecraft:diorite":25,"minecraft:black_stained_glass":1,"minecraft:birch_planks":13,"minecraft:acacia_fence_gate":1,"minecraft:waxed_oxidized_copper_grate":4,"minecraft:white_wall_banner":1,"minecraft:coal_ore":158,"minecraft:flower_pot":4,"minecraft:gravel":19,"minecraft:cobweb":25,"minecraft:acacia_planks":60,"minecraft:gold_ore":15},"minecraft:killed_by":{"minecraft:creeper":1,"minecraft:player":1,"minecraft:skeleton":1},"minecraft:custom":{"minecraft:interact_with_crafting_table":206,"minecraft:open_barrel":10,"minecraft:bell_ring":4,"minecraft:leave_game":10,"minecraft:time_since_death":22189,"minecraft:sprint_one_cm":2377397,"minecraft:damage_blocked_by_shield":1122,"minecraft:drop":207,"minecraft:talked_to_villager":2,"minecraft:play_time":850433,"minecraft:deaths":7,"minecraft:jump":8715,"minecraft:interact_with_brewingstand":1,"minecraft:walk_on_water_one_cm":201464,"minecraft:interact_with_furnace":219,"minecraft:sleep_in_bed":10,"minecraft:damage_dealt":38037,"minecraft:crouch_one_cm":51280,"minecraft:interact_with_smoker":6,"minecraft:inspect_dispenser":24,"minecraft:mob_kills":222,"minecraft:climb_one_cm":46367,"minecraft:walk_one_cm":3201126,"minecraft:sneak_time":20742,"minecraft:walk_under_water_one_cm":193678,"minecraft:boat_one_cm":920767,"minecraft:interact_with_blast_furnace":5,"minecraft:total_world_time":850433,"minecraft:time_since_rest":22227,"minecraft:damage_absorbed":40,"minecraft:damage_taken":7944,"minecraft:swim_one_cm":242528,"minecraft:fly_one_cm":876611,"minecraft:open_chest":366,"minecraft:fish_caught":5,"minecraft:fall_one_cm":172484},"minecraft:used":{"minecraft:tuff_bricks":9,"minecraft:iron_shovel":249,"minecraft:ladder":31,"minecraft:chest":3,"minecraft:shield":40,"minecraft:stone":9,"minecraft:iron_sword":154,"minecraft:rotten_flesh":1,"minecraft:waxed_oxidized_chiseled_copper":1,"minecraft:waxed_copper_grate":2,"minecraft:acacia_sapling":9,"minecraft:lava_bucket":3,"minecraft:grass_block":1,"minecraft:bow":54,"minecraft:ominous_bottle":1,"minecraft:furnace":4,"minecraft:cooked_cod":3,"minecraft:acacia_fence":270,"minecraft:diorite":1,"minecraft:acacia_trapdoor":11,"minecraft:stone_pickaxe":43,"minecraft:oak_planks":7,"minecraft:wooden_pickaxe":42,"minecraft:sandstone":10,"minecraft:golden_apple":2,"minecraft:glow_berries":8,"minecraft:sand":66,"minecraft:blast_furnace":1,"minecraft:crossbow":7,"minecraft:lingering_potion":4,"minecraft:acacia_door":3,"minecraft:birch_slab":2,"minecraft:bread":91,"minecraft:gravel":1,"minecraft:chiseled_tuff_bricks":2,"minecraft:diamond_sword":533,"minecraft:andesite":6,"minecraft:waxed_copper_bulb":1,"minecraft:bone_meal":226,"minecraft:stone_sword":126,"minecraft:acacia_log":6,"minecraft:flint_and_steel":32,"minecraft:wooden_shovel":31,"minecraft:cooked_salmon":2,"minecraft:trial_key":5,"minecraft:torch":556,"minecraft:dirt":672,"minecraft:spyglass":86,"minecraft:granite":34,"minecraft:iron_hoe":557,"minecraft:wooden_axe":174,"minecraft:iron_axe":249,"minecraft:acacia_slab":43,"minecraft:cooked_beef":5,"minecraft:cobbled_deepslate":387,"minecraft:acacia_planks":267,"minecraft:wheat_seeds":359,"minecraft:cooked_mutton":11,"minecraft:acacia_boat":3,"minecraft:water_bucket":82,"minecraft:cobblestone_stairs":25,"minecraft:birch_planks":86,"minecraft:baked_potato":5,"minecraft:waxed_oxidized_cut_copper":1,"minecraft:cobblestone_slab":15,"minecraft:waxed_copper_block":2,"minecraft:crafting_table":15,"minecraft:white_bed":4,"minecraft:smoker":2,"minecraft:wooden_hoe":573,"minecraft:diamond_pickaxe":463,"minecraft:acacia_stairs":42,"minecraft:iron_pickaxe":1630,"minecraft:acacia_fence_gate":2,"minecraft:fishing_rod":7,"minecraft:cobblestone":256,"minecraft:white_banner":1,"minecraft:cooked_porkchop":25,"minecraft:bucket":87,"minecraft:smooth_stone":6},"minecraft:crafted":{"minecraft:smooth_stone":5,"minecraft:oak_planks":8,"minecraft:cobblestone_slab":18,"minecraft:birch_slab":6,"minecraft:stone":15,"minecraft:cobblestone_stairs":20,"minecraft:cooked_mutton":11,"minecraft:diamond_helmet":1,"minecraft:bow":1,"minecraft:diamond_leggings":1,"minecraft:iron_boots":2,"minecraft:acacia_fence":159,"minecraft:smoker":1,"minecraft:wooden_shovel":1,"minecraft:cooked_porkchop":43,"minecraft:crafting_table":5,"minecraft:acacia_slab":42,"minecraft:wooden_pickaxe":1,"minecraft:iron_helmet":2,"minecraft:copper_ingot":107,"minecraft:birch_planks":144,"minecraft:wooden_hoe":2,"minecraft:iron_chestplate":1,"minecraft:diamond_pickaxe":1,"minecraft:shield":3,"minecraft:stick":324,"minecraft:iron_ingot":271,"minecraft:iron_pickaxe":7,"minecraft:stone_sword":1,"minecraft:acacia_door":3,"minecraft:gold_ingot":92,"minecraft:fishing_rod":2,"minecraft:iron_nugget":6,"minecraft:acacia_fence_gate":1,"minecraft:furnace":2,"minecraft:blast_furnace":1,"minecraft:bone_meal":249,"minecraft:flint_and_steel":1,"minecraft:iron_axe":1,"minecraft:ladder":27,"minecraft:iron_hoe":2,"minecraft:stone_pickaxe":1,"minecraft:diamond_boots":1,"minecraft:wheat":126,"minecraft:cooked_beef":4,"minecraft:coal_block":4,"minecraft:cooked_cod":3,"minecraft:diamond_sword":1,"minecraft:iron_sword":1,"minecraft:acacia_trapdoor":10,"minecraft:cooked_salmon":1,"minecraft:bucket":3,"minecraft:acacia_stairs":28,"minecraft:acacia_boat":2,"minecraft:bread":163,"minecraft:air":0,"minecraft:wooden_axe":3,"minecraft:iron_shovel":1,"minecraft:iron_leggings":1,"minecraft:white_bed":2,"minecraft:acacia_planks":580,"minecraft:torch":484,"minecraft:diamond_chestplate":1},"minecraft:dropped":{"minecraft:acacia_boat":1,"minecraft:birch_planks":68,"minecraft:cooked_beef":2,"minecraft:oak_log":1,"minecraft:glow_ink_sac":7,"minecraft:diamond":2,"minecraft:crafting_table":4,"minecraft:cooked_porkchop":3,"minecraft:crossbow":1,"minecraft:birch_slab":2,"minecraft:cobblestone_stairs":9,"minecraft:dirt":42,"minecraft:mutton":2,"minecraft:iron_pickaxe":1,"minecraft:acacia_door":3,"minecraft:fishing_rod":2,"minecraft:white_wool":7,"minecraft:bone":2,"minecraft:gravel":27,"minecraft:compass":2,"minecraft:spyglass":1,"minecraft:cobbled_deepslate":152,"minecraft:birch_sapling":1,"minecraft:wheat":1,"minecraft:rotten_flesh":66,"minecraft:oak_planks":10,"minecraft:white_bed":1,"minecraft:acacia_stairs":5,"minecraft:poppy":6,"minecraft:tipped_arrow":2,"minecraft:acacia_slab":6,"minecraft:acacia_sapling":16,"minecraft:ladder":11,"minecraft:acacia_fence":121,"minecraft:water_bucket":1,"minecraft:bread":83,"minecraft:iron_ingot":7,"minecraft:wheat_seeds":739,"minecraft:cobblestone":147,"minecraft:oak_fence":2,"minecraft:feather":11,"minecraft:waxed_copper_grate":1,"minecraft:granite":36,"minecraft:copper_ingot":113,"minecraft:coal":2,"minecraft:pufferfish":1,"minecraft:stick":13,"minecraft:gray_wool":2,"minecraft:diorite":9,"minecraft:ink_sac":3,"minecraft:torch":10,"minecraft:wooden_hoe":1,"minecraft:wooden_axe":1,"minecraft:lily_pad":1,"minecraft:bucket":2,"minecraft:acacia_planks":160,"minecraft:dandelion":2,"minecraft:smooth_basalt":5,"minecraft:redstone":32,"minecraft:furnace":2,"minecraft:stone_sword":2,"minecraft:raw_copper":5,"minecraft:tuff":17,"minecraft:chicken":4,"minecraft:iron_hoe":2,"minecraft:flint_and_steel":1,"minecraft:diamond_sword":2,"minecraft:cobblestone_slab":11,"minecraft:shield":1,"minecraft:andesite":30,"minecraft:oak_sapling":3,"minecraft:waxed_oxidized_cut_copper":2,"minecraft:bow":3,"minecraft:stone_pickaxe":2,"minecraft:black_wool":1,"minecraft:waxed_oxidized_copper_trapdoor":2},"minecraft:picked_up":{"minecraft:wooden_axe":1,"minecraft:iron_chestplate":2,"minecraft:wheat":345,"minecraft:flower_pot":5,"minecraft:lead":2,"minecraft:diamond_sword":5,"minecraft:potion":1,"minecraft:amethyst_block":129,"minecraft:string":60,"minecraft:waxed_cut_copper_slab":8,"minecraft:raw_copper":181,"minecraft:iron_leggings":4,"minecraft:pufferfish":1,"minecraft:diamond_leggings":4,"minecraft:smooth_stone":4,"minecraft:cobbled_deepslate":668,"minecraft:bucket":1,"minecraft:acacia_fence_gate":2,"minecraft:trial_key":5,"minecraft:cobblestone_slab":8,"minecraft:calcite":1,"minecraft:iron_pickaxe":8,"minecraft:coal_block":1,"minecraft:furnace":7,"minecraft:iron_boots":3,"minecraft:tipped_arrow":2,"minecraft:stick":27,"minecraft:acacia_fence":308,"minecraft:oak_fence":2,"minecraft:torch":348,"minecraft:acacia_log":152,"minecraft:porkchop":28,"minecraft:waxed_copper_grate":3,"minecraft:diorite":6,"minecraft:stone_sword":3,"minecraft:rotten_flesh":91,"minecraft:waxed_cut_copper":6,"minecraft:obsidian":24,"minecraft:cod":3,"minecraft:cobblestone":487,"minecraft:birch_log":36,"minecraft:feather":6,"minecraft:cooked_beef":3,"minecraft:birch_slab":2,"minecraft:water_bucket":6,"minecraft:andesite":43,"minecraft:smoker":1,"minecraft:flint":4,"minecraft:tuff":40,"minecraft:acacia_boat":3,"minecraft:lapis_lazuli":266,"minecraft:dirt":773,"minecraft:name_tag":6,"minecraft:bone":89,"minecraft:acacia_planks":473,"minecraft:bow":8,"minecraft:wheat_seeds":1093,"minecraft:raw_gold":82,"minecraft:diamond_helmet":1,"minecraft:oak_planks":9,"minecraft:waxed_oxidized_copper_trapdoor":4,"minecraft:cooked_porkchop":4,"minecraft:oak_pressure_plate":2,"minecraft:waxed_chiseled_copper":3,"minecraft:sand":72,"minecraft:ink_sac":3,"minecraft:dead_bush":1,"minecraft:grass_block":1,"minecraft:acacia_stairs":19,"minecraft:iron_hoe":2,"minecraft:diamond":84,"minecraft:waxed_oxidized_copper_grate":2,"minecraft:granite":139,"minecraft:crossbow":1,"minecraft:breeze_rod":13,"minecraft:golden_apple":1,"minecraft:emerald":40,"minecraft:golden_horse_armor":2,"minecraft:bread":121,"minecraft:oak_sapling":3,"minecraft:diamond_pickaxe":3,"minecraft:fishing_rod":1,"minecraft:lingering_potion":3,"minecraft:waxed_oxidized_cut_copper":5,"minecraft:crafting_table":15,"minecraft:ominous_bottle":2,"minecraft:chicken":4,"minecraft:ladder":15,"minecraft:brown_mushroom":1,"minecraft:brick":100,"minecraft:shield":2,"minecraft:wind_charge":25,"minecraft:iron_axe":3,"minecraft:acacia_door":2,"minecraft:flint_and_steel":1,"minecraft:compass":2,"minecraft:candle":9,"minecraft:poppy":10,"minecraft:guster_pottery_sherd":1,"minecraft:chest":3,"minecraft:birch_sapling":1,"minecraft:egg":5,"minecraft:raw_iron":268,"minecraft:sandstone":10,"minecraft:bamboo_hanging_sign":3,"minecraft:copper_ingot":75,"minecraft:flow_pottery_sherd":4,"minecraft:redstone":79,"minecraft:tnt":2,"minecraft:waxed_oxidized_chiseled_copper":1,"minecraft:arrow":319,"minecraft:diamond_chestplate":4,"minecraft:beetroot_seeds":3,"minecraft:decorated_pot":3,"minecraft:diamond_boots":2,"minecraft:hay_block":18,"minecraft:saddle":1,"minecraft:gold_ingot":194,"minecraft:tuff_bricks":51,"minecraft:rail":1,"minecraft:glow_berries":3,"minecraft:mutton":9,"minecraft:white_wool":10,"minecraft:golden_carrot":5,"minecraft:glow_ink_sac":28,"minecraft:salmon":1,"minecraft:leather":1,"minecraft:filled_map":1,"minecraft:birch_planks":23,"minecraft:waxed_copper_bulb":3,"minecraft:oak_log":7,"minecraft:waxed_copper_block":6,"minecraft:lily_pad":1,"minecraft:gunpowder":102,"minecraft:cobblestone_stairs":16,"minecraft:wooden_hoe":1,"minecraft:white_banner":2,"minecraft:acacia_trapdoor":1,"minecraft:iron_ingot":121,"minecraft:polished_tuff_slab":2,"minecraft:cooked_chicken":4,"minecraft:iron_sword":2,"minecraft:acacia_sapling":29,"minecraft:spyglass":1,"minecraft:dandelion":3,"minecraft:gravel":31,"minecraft:lava_bucket":1,"minecraft:amethyst_shard":148,"minecraft:white_bed":4,"minecraft:polished_tuff":2,"minecraft:spider_eye":15,"minecraft:iron_helmet":3,"minecraft:diamond_axe":1,"minecraft:gray_wool":2,"minecraft:baked_potato":13,"minecraft:acacia_slab":7,"minecraft:black_wool":1,"minecraft:chiseled_tuff_bricks":3,"minecraft:coal":342},"minecraft:killed":{"minecraft:witch":2,"minecraft:spider":27,"minecraft:skeleton":67,"minecraft:pig":12,"minecraft:creeper":14,"minecraft:sheep":5,"minecraft:pillager":2,"minecraft:zombie":59,"minecraft:stray":1,"minecraft:glow_squid":3,"minecraft:drowned":7,"minecraft:breeze":8,"minecraft:villager":1,"minecraft:enderman":2}},"DataVersion":3953}