{"stats":{"minecraft:broken":{"minecraft:wooden_pickaxe":1,"minecraft:iron_axe":1,"minecraft:iron_pickaxe":6,"minecraft:wooden_hoe":1,"minecraft:wooden_axe":2},"minecraft:mined":{"minecraft:white_bed":3,"minecraft:obsidian":6,"minecraft:potted_dead_bush":2,"minecraft:granite":129,"minecraft:acacia_log":147,"minecraft:oak_pressure_plate":2,"minecraft:chiseled_tuff_bricks":4,"minecraft:oxeye_daisy":1,"minecraft:red_stained_glass_pane":12,"minecraft:spawner":10,"minecraft:polished_blackstone_bricks":13,"minecraft:weeping_vines_plant":4,"minecraft:tall_seagrass":5,"minecraft:magma_block":7,"minecraft:cobbled_deepslate":457,"minecraft:fire":21,"minecraft:deepslate_lapis_ore":66,"minecraft:nether_brick_stairs":1,"minecraft:cave_vines":3,"minecraft:dirt_path":50,"minecraft:small_amethyst_bud":3,"minecraft:brown_mushroom":1,"minecraft:kelp_plant":13,"minecraft:smoker":1,"minecraft:soul_fire":9,"minecraft:amethyst_cluster":5,"minecraft:powder_snow":2,"minecraft:torch":44,"minecraft:blast_furnace":1,"minecraft:spruce_wall_sign":1,"minecraft:glass":5,"minecraft:amethyst_block":100,"minecraft:chain":3,"minecraft:waxed_copper_bulb":6,"minecraft:waxed_oxidized_copper_trapdoor":2,"minecraft:wheat":1610,"minecraft:waxed_copper_block":3,"minecraft:piston":2,"minecraft:deepslate":2615,"minecraft:mossy_cobblestone":50,"minecraft:waxed_oxidized_chiseled_copper":1,"minecraft:birch_fence_gate":1,"minecraft:nether_bricks":30,"minecraft:cobbled_deepslate_slab":10,"minecraft:waxed_oxidized_cut_copper":3,"minecraft:acacia_trapdoor":1,"minecraft:waxed_copper_grate":4,"minecraft:andesite":90,"minecraft:chiseled_tuff":3,"minecraft:cobblestone_slab":13,"minecraft:rail":5,"minecraft:waxed_weathered_copper_bulb":4,"minecraft:bone_block":89,"minecraft:soul_sand":113,"minecraft:observer":4,"minecraft:dandelion":4,"minecraft:cobbled_deepslate_wall":10,"minecraft:cornflower":1,"minecraft:short_grass":628,"minecraft:tall_grass":43,"minecraft:copper_ore":79,"minecraft:deepslate_gold_ore":156,"minecraft:diorite":65,"minecraft:black_stained_glass":1,"minecraft:spruce_log":3,"minecraft:dripstone_block":8,"minecraft:gravel":97,"minecraft:acacia_door":2,"minecraft:cobweb":174,"minecraft:acacia_planks":60,"minecraft:gold_ore":22,"minecraft:waxed_cut_copper_slab":1,"minecraft:large_amethyst_bud":4,"minecraft:farmland":34,"minecraft:cobbled_deepslate_stairs":95,"minecraft:cobblestone_stairs":25,"minecraft:sculk_vein":7,"minecraft:cave_vines_plant":2,"minecraft:budding_amethyst":8,"minecraft:grass_block":658,"minecraft:cracked_polished_blackstone_bricks":12,"minecraft:white_concrete":1,"minecraft:soul_soil":34,"minecraft:tuff_bricks":75,"minecraft:gilded_blackstone":1,"minecraft:smooth_stone":20,"minecraft:iron_ore":238,"minecraft:polished_tuff":6,"minecraft:anvil":1,"minecraft:pointed_dripstone":12,"minecraft:polished_tuff_slab":2,"minecraft:waxed_cut_copper":1,"minecraft:deepslate_redstone_ore":41,"minecraft:blackstone":52,"minecraft:medium_amethyst_bud":1,"minecraft:calcite":2,"minecraft:poppy":4,"minecraft:chest":7,"minecraft:nether_quartz_ore":80,"minecraft:cobblestone":244,"minecraft:oak_planks":25,"minecraft:wall_torch":200,"minecraft:seagrass":2,"minecraft:red_candle":1,"minecraft:acacia_sapling":1,"minecraft:nether_wart_block":7,"minecraft:birch_log":43,"minecraft:oak_log":132,"minecraft:waxed_oxidized_copper":4,"minecraft:acacia_fence":190,"minecraft:sand":221,"minecraft:dirt":326,"minecraft:netherrack":1355,"minecraft:ancient_debris":23,"minecraft:oak_leaves":46,"minecraft:nether_gold_ore":33,"minecraft:diamond_ore":9,"minecraft:tuff":234,"minecraft:deepslate_diamond_ore":254,"minecraft:candle":3,"minecraft:oak_door":1,"minecraft:red_stained_glass":6,"minecraft:ladder":74,"minecraft:decorated_pot":25,"minecraft:weeping_vines":1,"minecraft:birch_slab":1,"minecraft:acacia_slab":6,"minecraft:mangrove_propagule":1,"minecraft:sandstone":10,"minecraft:hay_block":41,"minecraft:oak_trapdoor":2,"minecraft:furnace":8,"minecraft:carrots":3,"minecraft:acacia_stairs":19,"minecraft:deepslate_iron_ore":173,"minecraft:lantern":18,"minecraft:packed_ice":12,"minecraft:stone":1405,"minecraft:birch_pressure_plate":5,"minecraft:acacia_leaves":33,"minecraft:basalt":3,"minecraft:oak_fence":1,"minecraft:crafting_table":24,"minecraft:sculk_sensor":3,"minecraft:red_glazed_terracotta":2,"minecraft:lapis_ore":18,"minecraft:sculk":200,"minecraft:birch_planks":46,"minecraft:acacia_fence_gate":1,"minecraft:waxed_oxidized_copper_grate":4,"minecraft:ice":2,"minecraft:white_wall_banner":1,"minecraft:coal_ore":358,"minecraft:flower_pot":4,"minecraft:birch_fence":11},"minecraft:killed_by":{"minecraft:piglin_brute":2,"minecraft:zombie":1,"minecraft:wither_skeleton":3,"minecraft:creeper":1,"minecraft:piglin":1,"minecraft:blaze":2,"minecraft:player":1,"minecraft:skeleton":1},"minecraft:custom":{"minecraft:interact_with_crafting_table":463,"minecraft:open_barrel":10,"minecraft:bell_ring":53,"minecraft:leave_game":35,"minecraft:time_since_death":757516,"minecraft:damage_blocked_by_shield":3251,"minecraft:play_time":2331328,"minecraft:deaths":19,"minecraft:jump":22532,"minecraft:enchant_item":1,"minecraft:interact_with_furnace":335,"minecraft:interact_with_cartography_table":2,"minecraft:sleep_in_bed":42,"minecraft:damage_dealt":79279,"minecraft:interact_with_smoker":65,"minecraft:use_cauldron":5,"minecraft:inspect_dispenser":24,"minecraft:interact_with_smithing_table":10,"minecraft:interact_with_anvil":10,"minecraft:inspect_hopper":12,"minecraft:sneak_time":84082,"minecraft:interact_with_blast_furnace":93,"minecraft:total_world_time":2331328,"minecraft:time_since_rest":32209,"minecraft:swim_one_cm":297785,"minecraft:fly_one_cm":2555983,"minecraft:open_chest":1200,"minecraft:fish_caught":5,"minecraft:fall_one_cm":440554,"minecraft:animals_bred":7,"minecraft:sprint_one_cm":6031824,"minecraft:drop":532,"minecraft:talked_to_villager":19,"minecraft:interact_with_brewingstand":1,"minecraft:walk_on_water_one_cm":359842,"minecraft:crouch_one_cm":228210,"minecraft:mob_kills":710,"minecraft:fill_cauldron":6,"minecraft:climb_one_cm":216538,"minecraft:walk_one_cm":8299096,"minecraft:walk_under_water_one_cm":297381,"minecraft:boat_one_cm":1161149,"minecraft:interact_with_grindstone":1,"minecraft:damage_taken":20345,"minecraft:damage_absorbed":79},"minecraft:used":{"minecraft:tuff_bricks":21,"minecraft:ladder":211,"minecraft:chest":10,"minecraft:stone":9,"minecraft:rotten_flesh":36,"minecraft:soul_sand":37,"minecraft:acacia_sapling":9,"minecraft:packed_ice":1,"minecraft:lava_bucket":24,"minecraft:grass_block":2,"minecraft:red_stained_glass_pane":80,"minecraft:bow":237,"minecraft:ominous_bottle":1,"minecraft:oak_sapling":5,"minecraft:furnace":8,"minecraft:cooked_cod":4,"minecraft:acacia_fence":336,"minecraft:egg":2,"minecraft:diorite":11,"minecraft:red_stained_glass":3,"minecraft:acacia_trapdoor":11,"minecraft:blackstone":3,"minecraft:wooden_pickaxe":42,"minecraft:golden_apple":3,"minecraft:glow_berries":18,"minecraft:sand":68,"minecraft:blast_furnace":2,"minecraft:birch_fence":47,"minecraft:birch_slab":2,"minecraft:chiseled_tuff_bricks":3,"minecraft:diamond_sword":1237,"minecraft:smithing_table":1,"minecraft:oak_boat":3,"minecraft:oak_trapdoor":12,"minecraft:enchanting_table":1,"minecraft:stone_sword":126,"minecraft:acacia_log":6,"minecraft:cooked_salmon":4,"minecraft:trial_key":5,"minecraft:netherrack":799,"minecraft:torch":1524,"minecraft:anvil":1,"minecraft:iron_axe":444,"minecraft:acacia_planks":267,"minecraft:cobbled_deepslate":1897,"minecraft:observer":28,"minecraft:wheat_seeds":1618,"minecraft:water_bucket":290,"minecraft:rabbit":1,"minecraft:birch_planks":176,"minecraft:waxed_oxidized_cut_copper":1,"minecraft:mossy_cobblestone":2,"minecraft:tnt":3,"minecraft:crafting_table":31,"minecraft:white_bed":4,"minecraft:spruce_log":2,"minecraft:oak_log":8,"minecraft:diamond_pickaxe":5756,"minecraft:cornflower":1,"minecraft:iron_pickaxe":2005,"minecraft:cobblestone":566,"minecraft:cooked_porkchop":27,"minecraft:kelp":24,"minecraft:iron_shovel":487,"minecraft:shield":112,"minecraft:iron_sword":154,"minecraft:birch_pressure_plate":8,"minecraft:waxed_oxidized_chiseled_copper":1,"minecraft:nether_bricks":6,"minecraft:carrot":2,"minecraft:waxed_copper_grate":2,"minecraft:tuff":36,"minecraft:obsidian":15,"minecraft:glass":78,"minecraft:lantern":35,"minecraft:item_frame":3,"minecraft:magma_block":4,"minecraft:hay_block":29,"minecraft:stone_pickaxe":43,"minecraft:oak_planks":52,"minecraft:ender_pearl":1,"minecraft:sandstone":10,"minecraft:sugar_cane":24,"minecraft:crossbow":7,"minecraft:lingering_potion":5,"minecraft:cobbled_deepslate_stairs":191,"minecraft:birch_fence_gate":2,"minecraft:acacia_door":3,"minecraft:bread":329,"minecraft:gravel":15,"minecraft:grindstone":1,"minecraft:andesite":28,"minecraft:chain":8,"minecraft:bone_meal":1676,"minecraft:waxed_copper_bulb":1,"minecraft:netherite_sword":209,"minecraft:flint_and_steel":39,"minecraft:redstone":26,"minecraft:wooden_shovel":85,"minecraft:oak_door":3,"minecraft:spyglass":86,"minecraft:dirt":1020,"minecraft:hopper":1,"minecraft:cobblestone_wall":2,"minecraft:granite":46,"minecraft:iron_hoe":1703,"minecraft:wooden_axe":174,"minecraft:bookshelf":18,"minecraft:oak_stairs":21,"minecraft:acacia_slab":43,"minecraft:soul_soil":7,"minecraft:netherite_pickaxe":1718,"minecraft:cooked_beef":10,"minecraft:cobbled_deepslate_wall":68,"minecraft:cooked_mutton":11,"minecraft:acacia_boat":3,"minecraft:amethyst_block":82,"minecraft:cobblestone_stairs":34,"minecraft:baked_potato":5,"minecraft:spruce_sign":4,"minecraft:cobblestone_slab":17,"minecraft:waxed_copper_block":2,"minecraft:smoker":2,"minecraft:piston":26,"minecraft:wooden_hoe":573,"minecraft:acacia_stairs":42,"minecraft:cracked_polished_blackstone_bricks":9,"minecraft:acacia_fence_gate":2,"minecraft:fishing_rod":7,"minecraft:cobbled_deepslate_slab":45,"minecraft:white_banner":1,"minecraft:bucket":318,"minecraft:smooth_stone":184},"minecraft:dropped":{"minecraft:piston":1,"minecraft:cooked_beef":29,"minecraft:glow_ink_sac":32,"minecraft:diamond":2,"minecraft:crafting_table":4,"minecraft:cooked_porkchop":3,"minecraft:crossbow":2,"minecraft:rail":3,"minecraft:dirt":290,"minecraft:birch_fence":9,"minecraft:chain":3,"minecraft:gold_nugget":43,"minecraft:phantom_membrane":2,"minecraft:sand":64,"minecraft:iron_pickaxe":2,"minecraft:fishing_rod":2,"minecraft:white_wool":7,"minecraft:bone":3,"minecraft:oak_door":1,"minecraft:compass":2,"minecraft:sugar_cane":1,"minecraft:cobbled_deepslate":1136,"minecraft:netherite_sword":2,"minecraft:birch_sapling":1,"minecraft:wheat":1,"minecraft:rotten_flesh":137,"minecraft:oak_planks":99,"minecraft:white_bed":1,"minecraft:tipped_arrow":4,"minecraft:acacia_sapling":16,"minecraft:ladder":11,"minecraft:acacia_fence":121,"minecraft:egg":5,"minecraft:iron_ingot":7,"minecraft:netherite_pickaxe":2,"minecraft:wheat_seeds":3167,"minecraft:dripstone_block":10,"minecraft:cobbled_deepslate_wall":2,"minecraft:cobblestone":500,"minecraft:iron_helmet":1,"minecraft:oak_fence":2,"minecraft:feather":11,"minecraft:waxed_copper_grate":1,"minecraft:granite":89,"minecraft:coal":71,"minecraft:pufferfish":1,"minecraft:oxeye_daisy":1,"minecraft:gray_wool":2,"minecraft:ink_sac":3,"minecraft:wooden_hoe":1,"minecraft:wooden_axe":1,"minecraft:oak_stairs":3,"minecraft:iron_shovel":1,"minecraft:string":80,"minecraft:lily_pad":1,"minecraft:acacia_planks":160,"minecraft:furnace":3,"minecraft:soul_soil":36,"minecraft:stone_sword":3,"minecraft:cobblestone_wall":4,"minecraft:chicken":4,"minecraft:iron_boots":1,"minecraft:stone_slab":5,"minecraft:cobbled_deepslate_slab":7,"minecraft:nether_bricks":1,"minecraft:diamond_sword":4,"minecraft:cobblestone_slab":14,"minecraft:spruce_planks":9,"minecraft:diamond_pickaxe":1,"minecraft:wooden_shovel":1,"minecraft:birch_boat":1,"minecraft:bow":13,"minecraft:black_wool":1,"minecraft:waxed_oxidized_copper_trapdoor":2,"minecraft:acacia_boat":1,"minecraft:soul_sand":57,"minecraft:birch_planks":72,"minecraft:oak_log":1,"minecraft:birch_slab":2,"minecraft:cobblestone_stairs":14,"minecraft:cracked_polished_blackstone_bricks":4,"minecraft:dispenser":1,"minecraft:cornflower":2,"minecraft:mutton":2,"minecraft:snowball":16,"minecraft:polished_blackstone_bricks":1,"minecraft:acacia_door":5,"minecraft:gold_ingot":9,"minecraft:gravel":204,"minecraft:blackstone":37,"minecraft:spyglass":2,"minecraft:pointed_dripstone":24,"minecraft:acacia_stairs":5,"minecraft:poppy":6,"minecraft:rabbit_hide":1,"minecraft:gunpowder":4,"minecraft:acacia_slab":6,"minecraft:basalt":3,"minecraft:arrow":87,"minecraft:netherrack":444,"minecraft:water_bucket":1,"minecraft:bread":225,"minecraft:oak_slab":6,"minecraft:mossy_cobblestone":44,"minecraft:diamond_leggings":2,"minecraft:polished_tuff":4,"minecraft:copper_ingot":113,"minecraft:stick":22,"minecraft:diorite":26,"minecraft:torch":13,"minecraft:iron_axe":2,"minecraft:bucket":4,"minecraft:dandelion":8,"minecraft:smooth_basalt":5,"minecraft:redstone":51,"minecraft:tuff_bricks":26,"minecraft:oak_trapdoor":1,"minecraft:raw_copper":117,"minecraft:tuff":189,"minecraft:raw_iron":25,"minecraft:birch_pressure_plate":2,"minecraft:iron_hoe":3,"minecraft:flint_and_steel":1,"minecraft:filled_map":1,"minecraft:shield":2,"minecraft:diamond_chestplate":1,"minecraft:andesite":63,"minecraft:oak_boat":3,"minecraft:oak_sapling":5,"minecraft:waxed_oxidized_cut_copper":2,"minecraft:diamond_boots":1,"minecraft:stone_pickaxe":2,"minecraft:calcite":1},"minecraft:crafted":{"minecraft:red_stained_glass_pane":80,"minecraft:smooth_stone":174,"minecraft:birch_slab":6,"minecraft:bookshelf":18,"minecraft:cooked_mutton":11,"minecraft:glass":95,"minecraft:diamond_helmet":4,"minecraft:diamond_leggings":4,"minecraft:birch_fence_gate":1,"minecraft:acacia_fence":159,"minecraft:dried_kelp_block":7,"minecraft:wooden_shovel":2,"minecraft:cooked_porkchop":45,"minecraft:acacia_slab":42,"minecraft:smithing_table":1,"minecraft:cobbled_deepslate_wall":60,"minecraft:copper_ingot":107,"minecraft:hay_block":31,"minecraft:oak_wood":3,"minecraft:wooden_hoe":2,"minecraft:golden_leggings":1,"minecraft:stone_slab":6,"minecraft:iron_pickaxe":9,"minecraft:gold_ingot":191,"minecraft:acacia_door":3,"minecraft:netherite_ingot":5,"minecraft:iron_nugget":98,"minecraft:acacia_fence_gate":1,"minecraft:bone_meal":3265,"minecraft:lantern":15,"minecraft:ladder":180,"minecraft:stone_pickaxe":1,"minecraft:diamond_boots":3,"minecraft:cobbled_deepslate_stairs":128,"minecraft:wheat":351,"minecraft:coal_block":4,"minecraft:netherite_pickaxe":1,"minecraft:enchanting_table":1,"minecraft:dried_kelp":63,"minecraft:acacia_trapdoor":10,"minecraft:acacia_stairs":28,"minecraft:red_stained_glass":24,"minecraft:golden_apple":1,"minecraft:oak_stairs":24,"minecraft:wooden_axe":3,"minecraft:iron_shovel":2,"minecraft:iron_leggings":3,"minecraft:white_bed":2,"minecraft:grindstone":1,"minecraft:oak_planks":568,"minecraft:cobblestone_slab":18,"minecraft:cobblestone_stairs":24,"minecraft:stone":211,"minecraft:hopper":1,"minecraft:bow":10,"minecraft:iron_boots":4,"minecraft:chest":7,"minecraft:netherite_upgrade_smithing_template":6,"minecraft:smoker":1,"minecraft:crafting_table":10,"minecraft:spruce_planks":4,"minecraft:wooden_pickaxe":1,"minecraft:iron_helmet":4,"minecraft:birch_pressure_plate":5,"minecraft:birch_planks":358,"minecraft:tnt":1,"minecraft:book":56,"minecraft:iron_chestplate":3,"minecraft:paper":159,"minecraft:diamond_pickaxe":9,"minecraft:shield":6,"minecraft:birch_fence":45,"minecraft:stick":984,"minecraft:iron_ingot":516,"minecraft:stone_sword":1,"minecraft:cobbled_deepslate_slab":42,"minecraft:oak_door":3,"minecraft:fishing_rod":2,"minecraft:blast_furnace":1,"minecraft:furnace":4,"minecraft:piston":25,"minecraft:oak_trapdoor":12,"minecraft:flint_and_steel":1,"minecraft:iron_axe":2,"minecraft:iron_hoe":5,"minecraft:cobblestone_wall":6,"minecraft:netherite_scrap":23,"minecraft:observer":24,"minecraft:cooked_beef":36,"minecraft:red_dye":3,"minecraft:cooked_cod":4,"minecraft:bone_block":319,"minecraft:diamond_sword":4,"minecraft:iron_sword":1,"minecraft:cooked_salmon":3,"minecraft:bucket":9,"minecraft:air":0,"minecraft:bread":524,"minecraft:acacia_boat":2,"minecraft:oak_boat":2,"minecraft:gold_nugget":3,"minecraft:acacia_planks":580,"minecraft:torch":1368,"minecraft:diamond_chestplate":3},"minecraft:picked_up":{"minecraft:wooden_axe":1,"minecraft:iron_chestplate":3,"minecraft:flower_pot":5,"minecraft:anvil":1,"minecraft:diamond_sword":11,"minecraft:lead":2,"minecraft:enchanted_book":1,"minecraft:golden_sword":1,"minecraft:amethyst_block":229,"minecraft:soul_soil":45,"minecraft:string":246,"minecraft:pufferfish":1,"minecraft:diamond_leggings":6,"minecraft:gold_nugget":259,"minecraft:cobbled_deepslate":3001,"minecraft:spruce_planks":5,"minecraft:acacia_fence_gate":2,"minecraft:trial_key":5,"minecraft:netherite_upgrade_smithing_template":2,"minecraft:coal_block":1,"minecraft:acacia_log":152,"minecraft:waxed_copper_grate":3,"minecraft:stone_sword":4,"minecraft:waxed_cut_copper":6,"minecraft:blaze_rod":7,"minecraft:birch_log":43,"minecraft:magma_block":6,"minecraft:feather":6,"minecraft:cooked_beef":3,"minecraft:birch_slab":2,"minecraft:water_bucket":6,"minecraft:smoker":1,"minecraft:flint":17,"minecraft:lantern":21,"minecraft:rabbit":2,"minecraft:diamond_helmet":2,"minecraft:birch_fence_gate":1,"minecraft:ink_sac":3,"minecraft:acacia_stairs":19,"minecraft:iron_hoe":4,"minecraft:granite":204,"minecraft:golden_horse_armor":2,"minecraft:bread":252,"minecraft:diamond_pickaxe":12,"minecraft:crafting_table":28,"minecraft:ominous_bottle":3,"minecraft:wind_charge":25,"minecraft:cornflower":3,"minecraft:acacia_door":4,"minecraft:flint_and_steel":1,"minecraft:netherite_scrap":1,"minecraft:compass":2,"minecraft:netherite_sword":3,"minecraft:beef":32,"minecraft:poppy":13,"minecraft:guster_pottery_sherd":1,"minecraft:chest":6,"minecraft:birch_sapling":1,"minecraft:piston":2,"minecraft:egg":12,"minecraft:sandstone":10,"minecraft:stone":18,"minecraft:oak_door":1,"minecraft:flow_pottery_sherd":4,"minecraft:carrot":3,"minecraft:redstone":263,"minecraft:netherite_pickaxe":1,"minecraft:tnt":2,"minecraft:waxed_oxidized_chiseled_copper":1,"minecraft:diamond_chestplate":6,"minecraft:decorated_pot":3,"minecraft:beetroot_seeds":3,"minecraft:diamond_boots":6,"minecraft:hay_block":45,"minecraft:gold_ingot":217,"minecraft:tuff_bricks":89,"minecraft:glow_berries":3,"minecraft:mutton":9,"minecraft:bone_block":121,"minecraft:white_wool":10,"minecraft:rail":8,"minecraft:oxeye_daisy":1,"minecraft:filled_map":3,"minecraft:oak_log":133,"minecraft:lily_pad":1,"minecraft:ancient_debris":38,"minecraft:golden_boots":1,"minecraft:white_banner":3,"minecraft:birch_pressure_plate":5,"minecraft:apple":1,"minecraft:kelp":107,"minecraft:iron_sword":3,"minecraft:spyglass":2,"minecraft:gravel":149,"minecraft:spruce_log":3,"minecraft:crying_obsidian":5,"minecraft:polished_tuff":2,"minecraft:red_stained_glass":6,"minecraft:diamond_axe":1,"minecraft:gray_wool":2,"minecraft:baked_potato":13,"minecraft:ender_pearl":1,"minecraft:wheat":1551,"minecraft:potion":2,"minecraft:gilded_blackstone":1,"minecraft:waxed_cut_copper_slab":8,"minecraft:raw_copper":293,"minecraft:iron_leggings":4,"minecraft:smooth_stone":21,"minecraft:bucket":5,"minecraft:cobblestone_slab":13,"minecraft:calcite":2,"minecraft:iron_pickaxe":8,"minecraft:iron_boots":4,"minecraft:furnace":10,"minecraft:tipped_arrow":5,"minecraft:stick":27,"minecraft:acacia_fence":310,"minecraft:oak_fence":3,"minecraft:torch":654,"minecraft:porkchop":30,"minecraft:pointed_dripstone":24,"minecraft:diorite":33,"minecraft:rotten_flesh":192,"minecraft:obsidian":29,"minecraft:cod":3,"minecraft:cobblestone":1611,"minecraft:andesite":103,"minecraft:golden_leggings":1,"minecraft:tuff":238,"minecraft:acacia_boat":3,"minecraft:lapis_lazuli":701,"minecraft:dirt":1421,"minecraft:name_tag":6,"minecraft:glass":4,"minecraft:bone":399,"minecraft:acacia_planks":473,"minecraft:bow":27,"minecraft:wheat_seeds":4579,"minecraft:cobbled_deepslate_wall":10,"minecraft:raw_gold":193,"minecraft:cobbled_deepslate_slab":10,"minecraft:oak_planks":70,"minecraft:waxed_oxidized_copper_trapdoor":4,"minecraft:cooked_porkchop":42,"minecraft:oak_pressure_plate":2,"minecraft:waxed_chiseled_copper":3,"minecraft:sand":229,"minecraft:nether_brick_stairs":1,"minecraft:dead_bush":1,"minecraft:grass_block":2,"minecraft:spectral_arrow":30,"minecraft:mossy_cobblestone":46,"minecraft:diamond":288,"minecraft:waxed_oxidized_copper_grate":2,"minecraft:cracked_polished_blackstone_bricks":19,"minecraft:crossbow":2,"minecraft:breeze_rod":13,"minecraft:golden_apple":1,"minecraft:spruce_sign":1,"minecraft:emerald":40,"minecraft:oak_sapling":10,"minecraft:netherrack":1766,"minecraft:lingering_potion":3,"minecraft:fishing_rod":1,"minecraft:waxed_oxidized_cut_copper":5,"minecraft:chicken":4,"minecraft:ladder":67,"minecraft:packed_ice":1,"minecraft:brown_mushroom":1,"minecraft:chain":9,"minecraft:brick":100,"minecraft:shield":7,"minecraft:oak_trapdoor":2,"minecraft:iron_axe":5,"minecraft:item_frame":2,"minecraft:birch_fence":11,"minecraft:blackstone":89,"minecraft:candle":9,"minecraft:oak_boat":3,"minecraft:observer":4,"minecraft:phantom_membrane":3,"minecraft:raw_iron":451,"minecraft:bamboo_hanging_sign":3,"minecraft:copper_ingot":75,"minecraft:red_stained_glass_pane":1,"minecraft:polished_blackstone_bricks":13,"minecraft:weeping_vines":5,"minecraft:arrow":707,"minecraft:nether_bricks":59,"minecraft:saddle":3,"minecraft:basalt":9,"minecraft:golden_carrot":5,"minecraft:glow_ink_sac":36,"minecraft:salmon":1,"minecraft:leather":37,"minecraft:birch_planks":61,"minecraft:waxed_copper_bulb":3,"minecraft:waxed_copper_block":6,"minecraft:nether_wart_block":9,"minecraft:cobbled_deepslate_stairs":95,"minecraft:gunpowder":117,"minecraft:cobblestone_stairs":26,"minecraft:wooden_hoe":1,"minecraft:cooked_mutton":41,"minecraft:acacia_trapdoor":1,"minecraft:rabbit_hide":1,"minecraft:iron_ingot":121,"minecraft:polished_tuff_slab":2,"minecraft:cooked_chicken":4,"minecraft:acacia_sapling":29,"minecraft:soul_sand":123,"minecraft:dripstone_block":10,"minecraft:quartz":196,"minecraft:dandelion":9,"minecraft:lava_bucket":1,"minecraft:amethyst_shard":164,"minecraft:blast_furnace":1,"minecraft:white_bed":4,"minecraft:spider_eye":31,"minecraft:iron_helmet":3,"minecraft:acacia_slab":7,"minecraft:black_wool":1,"minecraft:chiseled_tuff_bricks":4,"minecraft:coal":602},"minecraft:killed":{"minecraft:cave_spider":22,"minecraft:skeleton":317,"minecraft:pillager":5,"minecraft:zombie":162,"minecraft:glow_squid":3,"minecraft:cow":15,"minecraft:horse":4,"minecraft:rabbit":2,"minecraft:breeze":8,"minecraft:enderman":3,"minecraft:zombified_piglin":1,"minecraft:witch":2,"minecraft:spider":48,"minecraft:piglin_brute":1,"minecraft:piglin":8,"minecraft:pig":13,"minecraft:zombie_villager":1,"minecraft:creeper":30,"minecraft:sheep":5,"minecraft:stray":7,"minecraft:blaze":25,"minecraft:phantom":3,"minecraft:drowned":7,"minecraft:wither_skeleton":2,"minecraft:villager":1}},"DataVersion":3953}