{"stats":{"minecraft:broken":{"minecraft:diamond_pickaxe":2,"minecraft:wooden_sword":1,"minecraft:shield":1,"minecraft:iron_pickaxe":3,"minecraft:golden_helmet":1,"minecraft:stone_pickaxe":1,"minecraft:diamond_boots":1,"minecraft:stone_axe":5},"minecraft:mined":{"minecraft:white_bed":8,"minecraft:obsidian":27,"minecraft:granite":42,"minecraft:chiseled_polished_blackstone":2,"minecraft:acacia_log":130,"minecraft:chiseled_tuff_bricks":6,"minecraft:nether_wart":41,"minecraft:spawner":17,"minecraft:polished_blackstone_bricks":12,"minecraft:magma_block":3,"minecraft:cobbled_deepslate":135,"minecraft:fire":289,"minecraft:pumpkin":1,"minecraft:deepslate_lapis_ore":41,"minecraft:nether_brick_stairs":2,"minecraft:sculk_shrieker":2,"minecraft:cave_vines":2,"minecraft:dirt_path":35,"minecraft:oak_stairs":1,"minecraft:small_amethyst_bud":7,"minecraft:soul_fire":16,"minecraft:amethyst_cluster":21,"minecraft:powder_snow":43,"minecraft:torch":65,"minecraft:blast_furnace":2,"minecraft:sugar_cane":31,"minecraft:amethyst_block":277,"minecraft:waxed_copper_bulb":11,"minecraft:mud":4,"minecraft:wheat":163,"minecraft:waxed_copper_block":22,"minecraft:smooth_basalt":6,"minecraft:deepslate":3987,"minecraft:suspicious_gravel":1,"minecraft:mossy_cobblestone":1,"minecraft:nether_bricks":67,"minecraft:moss_block":1,"minecraft:cartography_table":1,"minecraft:redstone_ore":2,"minecraft:waxed_oxidized_cut_copper":12,"minecraft:waxed_copper_grate":3,"minecraft:snow":6,"minecraft:andesite":78,"minecraft:diamond_block":2,"minecraft:chiseled_tuff":1,"minecraft:potatoes":27,"minecraft:rail":3,"minecraft:waxed_weathered_copper_bulb":3,"minecraft:bone_block":118,"minecraft:light_gray_carpet":2,"minecraft:soul_sand":56,"minecraft:dandelion":10,"minecraft:cornflower":2,"minecraft:short_grass":345,"minecraft:tall_grass":45,"minecraft:copper_ore":7,"minecraft:deepslate_gold_ore":268,"minecraft:diorite":113,"minecraft:warped_wart_block":1,"minecraft:white_carpet":1,"minecraft:birch_leaves":8,"minecraft:gravel":145,"minecraft:dripstone_block":19,"minecraft:cobweb":116,"minecraft:acacia_planks":58,"minecraft:gold_ore":34,"minecraft:waxed_cut_copper_slab":7,"minecraft:large_amethyst_bud":10,"minecraft:spruce_planks":51,"minecraft:sculk_vein":18,"minecraft:cave_vines_plant":1,"minecraft:budding_amethyst":25,"minecraft:grass_block":135,"minecraft:cracked_polished_blackstone_bricks":5,"minecraft:soul_soil":49,"minecraft:tuff_bricks":82,"minecraft:gilded_blackstone":11,"minecraft:raw_iron_block":3,"minecraft:glowstone":41,"minecraft:sculk_catalyst":2,"minecraft:iron_ore":431,"minecraft:pointed_dripstone":3,"minecraft:spruce_slab":9,"minecraft:waxed_cut_copper":4,"minecraft:deepslate_redstone_ore":3,"minecraft:blackstone":118,"minecraft:medium_amethyst_bud":5,"minecraft:calcite":26,"minecraft:poppy":6,"minecraft:chest":12,"minecraft:nether_quartz_ore":247,"minecraft:cobblestone":87,"minecraft:oak_planks":27,"minecraft:waxed_chiseled_copper":3,"minecraft:wall_torch":80,"minecraft:seagrass":1,"minecraft:nether_wart_block":2,"minecraft:birch_log":85,"minecraft:tnt":2,"minecraft:oak_log":240,"minecraft:beetroots":1,"minecraft:waxed_oxidized_copper":3,"minecraft:acacia_fence":50,"minecraft:sand":70,"minecraft:dirt":136,"minecraft:dispenser":1,"minecraft:netherrack":2422,"minecraft:ancient_debris":5,"minecraft:oak_leaves":20,"minecraft:nether_gold_ore":30,"minecraft:diamond_ore":2,"minecraft:tuff":497,"minecraft:deepslate_diamond_ore":449,"minecraft:mangrove_roots":1,"minecraft:glow_lichen":3,"minecraft:ladder":9,"minecraft:decorated_pot":13,"minecraft:white_stained_glass":1,"minecraft:birch_slab":1,"minecraft:spruce_leaves":1,"minecraft:mangrove_propagule":1,"minecraft:sandstone":1,"minecraft:large_fern":1,"minecraft:hay_block":43,"minecraft:furnace":7,"minecraft:carrots":9,"minecraft:peony":4,"minecraft:gold_block":4,"minecraft:bookshelf":6,"minecraft:deepslate_iron_ore":456,"minecraft:shroomlight":1,"minecraft:lantern":13,"minecraft:stone":1317,"minecraft:acacia_leaves":3,"minecraft:basalt":1,"minecraft:oak_fence":5,"minecraft:crafting_table":11,"minecraft:sculk_sensor":12,"minecraft:lectern":27,"minecraft:deepslate_coal_ore":28,"minecraft:lapis_ore":20,"minecraft:sculk":531,"minecraft:birch_planks":26,"minecraft:waxed_oxidized_copper_grate":4,"minecraft:sweet_berry_bush":10,"minecraft:white_wall_banner":3,"minecraft:coal_ore":973,"minecraft:flower_pot":1},"minecraft:killed_by":{"minecraft:piglin_brute":5,"minecraft:zombie":5,"minecraft:blaze":1,"minecraft:spider":1,"minecraft:skeleton":1},"minecraft:custom":{"minecraft:interact_with_crafting_table":261,"minecraft:open_barrel":17,"minecraft:bell_ring":10,"minecraft:leave_game":37,"minecraft:time_since_death":752206,"minecraft:damage_blocked_by_shield":24137,"minecraft:play_time":2579637,"minecraft:deaths":20,"minecraft:jump":47066,"minecraft:enchant_item":13,"minecraft:interact_with_furnace":246,"minecraft:interact_with_cartography_table":4,"minecraft:sleep_in_bed":30,"minecraft:damage_dealt":173509,"minecraft:interact_with_smoker":36,"minecraft:use_cauldron":6,"minecraft:inspect_dispenser":16,"minecraft:horse_one_cm":45746,"minecraft:interact_with_smithing_table":2,"minecraft:interact_with_anvil":42,"minecraft:sneak_time":52291,"minecraft:interact_with_blast_furnace":57,"minecraft:total_world_time":2579637,"minecraft:time_since_rest":337803,"minecraft:swim_one_cm":307978,"minecraft:fly_one_cm":8102713,"minecraft:open_chest":1028,"minecraft:fish_caught":4,"minecraft:fall_one_cm":1064801,"minecraft:animals_bred":1,"minecraft:sprint_one_cm":9467559,"minecraft:drop":571,"minecraft:talked_to_villager":53,"minecraft:interact_with_brewingstand":3,"minecraft:walk_on_water_one_cm":450797,"minecraft:player_kills":1,"minecraft:crouch_one_cm":111093,"minecraft:mob_kills":1767,"minecraft:climb_one_cm":99695,"minecraft:walk_one_cm":6874980,"minecraft:walk_under_water_one_cm":219486,"minecraft:boat_one_cm":1025572,"minecraft:interact_with_grindstone":7,"minecraft:damage_taken":38117,"minecraft:damage_absorbed":311},"minecraft:used":{"minecraft:beetroot":1,"minecraft:tuff_bricks":22,"minecraft:chest":45,"minecraft:rotten_flesh":62,"minecraft:soul_sand":18,"minecraft:snowball":27,"minecraft:lava_bucket":28,"minecraft:grass_block":1,"minecraft:birch_sapling":1,"minecraft:red_stained_glass_pane":16,"minecraft:bow":425,"minecraft:sweet_berries":20,"minecraft:furnace":10,"minecraft:oak_sapling":1,"minecraft:egg":8,"minecraft:potato":42,"minecraft:diorite":20,"minecraft:red_stained_glass":3,"minecraft:blackstone":3,"minecraft:wooden_pickaxe":58,"minecraft:golden_apple":14,"minecraft:glow_berries":17,"minecraft:blast_furnace":1,"minecraft:lectern":26,"minecraft:chiseled_tuff_bricks":1,"minecraft:diamond_sword":3695,"minecraft:wooden_sword":107,"minecraft:oak_boat":4,"minecraft:stone_sword":65,"minecraft:acacia_log":1,"minecraft:netherrack":648,"minecraft:trial_key":7,"minecraft:torch":1576,"minecraft:anvil":2,"minecraft:iron_axe":722,"minecraft:barrel":1,"minecraft:beef":7,"minecraft:acacia_planks":149,"minecraft:cobbled_deepslate":1476,"minecraft:wheat_seeds":163,"minecraft:water_bucket":325,"minecraft:rabbit":7,"minecraft:birch_planks":30,"minecraft:cartography_table":1,"minecraft:waxed_oxidized_cut_copper":1,"minecraft:polished_blackstone_bricks":1,"minecraft:diamond_block":2,"minecraft:tnt":15,"minecraft:crafting_table":25,"minecraft:white_bed":21,"minecraft:cod":1,"minecraft:diamond_pickaxe":9387,"minecraft:cornflower":2,"minecraft:iron_pickaxe":1131,"minecraft:cobblestone":663,"minecraft:potion":1,"minecraft:cooked_porkchop":130,"minecraft:porkchop":15,"minecraft:iron_shovel":107,"minecraft:diamond_hoe":564,"minecraft:shield":1016,"minecraft:iron_sword":1208,"minecraft:mutton":14,"minecraft:carrot":21,"minecraft:tuff":220,"minecraft:lantern":10,"minecraft:item_frame":2,"minecraft:golden_sword":1,"minecraft:hay_block":3,"minecraft:stone_pickaxe":258,"minecraft:oak_planks":110,"minecraft:ender_pearl":3,"minecraft:white_wool":4,"minecraft:black_bed":1,"minecraft:acacia_door":2,"minecraft:bread":397,"minecraft:string":1,"minecraft:gravel":6,"minecraft:cooked_rabbit":2,"minecraft:andesite":30,"minecraft:bone_meal":44,"minecraft:golden_pickaxe":11,"minecraft:flint_and_steel":11,"minecraft:cooked_chicken":14,"minecraft:oak_door":2,"minecraft:dirt":91,"minecraft:spyglass":137,"minecraft:granite":10,"minecraft:wooden_axe":26,"minecraft:bookshelf":2,"minecraft:soul_soil":1,"minecraft:netherite_pickaxe":2192,"minecraft:cooked_beef":87,"minecraft:cobbled_deepslate_wall":4,"minecraft:cooked_mutton":57,"minecraft:acacia_boat":2,"minecraft:amethyst_block":48,"minecraft:baked_potato":34,"minecraft:birch_boat":5,"minecraft:waxed_copper_block":2,"minecraft:apple":1,"minecraft:chicken":4,"minecraft:map":2,"minecraft:stone_axe":444,"minecraft:fishing_rod":11,"minecraft:white_banner":4,"minecraft:bucket":358},"minecraft:dropped":{"minecraft:iron_sword":13,"minecraft:porkchop":4,"minecraft:lapis_lazuli":169,"minecraft:cooked_beef":6,"minecraft:glow_ink_sac":7,"minecraft:diamond":10,"minecraft:crafting_table":3,"minecraft:weeping_vines":5,"minecraft:glow_berries":4,"minecraft:saddle":1,"minecraft:dirt":243,"minecraft:bone_meal":243,"minecraft:iron_pickaxe":6,"minecraft:fishing_rod":1,"minecraft:white_wool":2,"minecraft:bone":85,"minecraft:compass":4,"minecraft:sugar_cane":9,"minecraft:cobbled_deepslate":63,"minecraft:netherite_sword":1,"minecraft:wheat":4,"minecraft:obsidian":26,"minecraft:rotten_flesh":195,"minecraft:oak_planks":22,"minecraft:glowstone_dust":1,"minecraft:white_bed":1,"minecraft:rabbit_foot":2,"minecraft:tipped_arrow":2,"minecraft:leather_boots":1,"minecraft:leather_leggings":1,"minecraft:spruce_slab":9,"minecraft:warped_wart_block":1,"minecraft:egg":5,"minecraft:iron_ingot":159,"minecraft:enchanted_book":2,"minecraft:golden_boots":1,"minecraft:netherite_pickaxe":1,"minecraft:wheat_seeds":24,"minecraft:tnt":2,"minecraft:golden_horse_armor":2,"minecraft:dripstone_block":12,"minecraft:cobbled_deepslate_wall":2,"minecraft:oak_fence":14,"minecraft:cobblestone":191,"minecraft:iron_helmet":6,"minecraft:granite":61,"minecraft:coal":126,"minecraft:golden_apple":1,"minecraft:lava_bucket":1,"minecraft:wooden_axe":1,"minecraft:diamond_helmet":2,"minecraft:potion":1,"minecraft:oak_stairs":1,"minecraft:white_banner":1,"minecraft:smooth_stone":1,"minecraft:string":11,"minecraft:acacia_planks":132,"minecraft:furnace":1,"minecraft:soul_soil":14,"minecraft:stone_sword":3,"minecraft:iron_boots":4,"minecraft:name_tag":4,"minecraft:diamond_sword":8,"minecraft:spruce_planks":1,"minecraft:diamond_pickaxe":4,"minecraft:spider_eye":8,"minecraft:bow":66,"minecraft:black_wool":1,"minecraft:waxed_oxidized_copper_trapdoor":1,"minecraft:guster_pottery_sherd":1,"minecraft:acacia_boat":1,"minecraft:soul_sand":4,"minecraft:brown_mushroom":1,"minecraft:birch_planks":11,"minecraft:leather":3,"minecraft:iron_horse_armor":1,"minecraft:birch_slab":1,"minecraft:flint":6,"minecraft:cobblestone_stairs":1,"minecraft:cornflower":1,"minecraft:snowball":6,"minecraft:amethyst_shard":74,"minecraft:gold_ingot":5,"minecraft:gravel":50,"minecraft:blackstone":32,"minecraft:spyglass":2,"minecraft:chiseled_tuff_bricks":4,"minecraft:pointed_dripstone":5,"minecraft:cooked_mutton":41,"minecraft:rabbit_hide":2,"minecraft:gunpowder":46,"minecraft:melon_seeds":2,"minecraft:lingering_potion":1,"minecraft:chest":1,"minecraft:arrow":6,"minecraft:netherrack":466,"minecraft:water_bucket":3,"minecraft:bread":65,"minecraft:diamond_leggings":3,"minecraft:amethyst_block":35,"minecraft:copper_ingot":75,"minecraft:stick":8,"minecraft:diorite":56,"minecraft:torch":1,"minecraft:nether_wart_block":9,"minecraft:waxed_oxidized_copper":1,"minecraft:iron_leggings":6,"minecraft:iron_axe":3,"minecraft:bucket":3,"minecraft:dandelion":1,"minecraft:redstone":52,"minecraft:flow_pottery_sherd":1,"minecraft:tuff":13,"minecraft:raw_iron":23,"minecraft:iron_hoe":2,"minecraft:filled_map":4,"minecraft:shield":6,"minecraft:trial_key":1,"minecraft:diamond_chestplate":2,"minecraft:iron_chestplate":5,"minecraft:andesite":10,"minecraft:golden_leggings":1,"minecraft:oak_sapling":1,"minecraft:waxed_oxidized_cut_copper":4,"minecraft:diamond_boots":1,"minecraft:raw_gold":23,"minecraft:calcite":3,"minecraft:brick":1},"minecraft:crafted":{"minecraft:red_stained_glass_pane":16,"minecraft:smooth_stone":1,"minecraft:birch_boat":1,"minecraft:bookshelf":2,"minecraft:cooked_mutton":59,"minecraft:glass":64,"minecraft:quartz_block":44,"minecraft:diamond_helmet":5,"minecraft:diamond_leggings":4,"minecraft:cooked_rabbit":2,"minecraft:cooked_porkchop":105,"minecraft:cobbled_deepslate_wall":6,"minecraft:copper_ingot":84,"minecraft:compass":2,"minecraft:iron_pickaxe":6,"minecraft:iron_block":6,"minecraft:gold_ingot":255,"minecraft:acacia_door":3,"minecraft:netherite_ingot":2,"minecraft:iron_nugget":82,"minecraft:spyglass":2,"minecraft:diamond_hoe":1,"minecraft:bone_meal":3273,"minecraft:polished_tuff":4,"minecraft:lantern":8,"minecraft:diamond":9,"minecraft:stone_pickaxe":4,"minecraft:diamond_boots":4,"minecraft:wheat":360,"minecraft:netherite_pickaxe":1,"minecraft:red_stained_glass":32,"minecraft:golden_apple":3,"minecraft:wooden_axe":4,"minecraft:iron_shovel":2,"minecraft:iron_leggings":6,"minecraft:white_bed":17,"minecraft:oak_planks":850,"minecraft:barrel":1,"minecraft:cooked_chicken":4,"minecraft:iron_boots":7,"minecraft:chest":33,"minecraft:netherite_upgrade_smithing_template":4,"minecraft:oak_slab":6,"minecraft:item_frame":1,"minecraft:crafting_table":18,"minecraft:wooden_pickaxe":4,"minecraft:baked_potato":73,"minecraft:iron_helmet":7,"minecraft:birch_planks":148,"minecraft:pumpkin_seeds":4,"minecraft:tnt":14,"minecraft:iron_chestplate":5,"minecraft:paper":3,"minecraft:diamond_pickaxe":9,"minecraft:yellow_dye":10,"minecraft:shield":10,"minecraft:stick":524,"minecraft:iron_ingot":673,"minecraft:stone_sword":3,"minecraft:black_bed":1,"minecraft:wooden_sword":2,"minecraft:raw_iron":18,"minecraft:furnace":8,"minecraft:diamond_block":1,"minecraft:glass_pane":16,"minecraft:iron_axe":4,"minecraft:netherite_scrap":5,"minecraft:cooked_beef":59,"minecraft:red_dye":6,"minecraft:bone_block":205,"minecraft:diamond_sword":8,"minecraft:spruce_sign":3,"minecraft:iron_sword":7,"minecraft:bucket":3,"minecraft:stone_axe":5,"minecraft:bread":174,"minecraft:acacia_boat":2,"minecraft:oak_boat":3,"minecraft:white_dye":64,"minecraft:anvil":2,"minecraft:acacia_planks":480,"minecraft:torch":1296,"minecraft:diamond_chestplate":3},"minecraft:picked_up":{"minecraft:iron_chestplate":7,"minecraft:flower_pot":1,"minecraft:diamond_sword":13,"minecraft:lead":2,"minecraft:oak_stairs":1,"minecraft:enchanted_book":5,"minecraft:golden_sword":2,"minecraft:amethyst_block":267,"minecraft:soul_soil":73,"minecraft:string":237,"minecraft:shroomlight":1,"minecraft:beetroot":1,"minecraft:diamond_leggings":7,"minecraft:gold_nugget":232,"minecraft:cobbled_deepslate":3092,"minecraft:spruce_planks":50,"minecraft:trial_key":8,"minecraft:golden_helmet":1,"minecraft:acacia_log":128,"minecraft:waxed_weathered_copper_bulb":3,"minecraft:waxed_copper_grate":3,"minecraft:rabbit_foot":2,"minecraft:stone_sword":5,"minecraft:armadillo_scute":1,"minecraft:waxed_cut_copper":1,"minecraft:blaze_rod":18,"minecraft:snowball":49,"minecraft:birch_log":102,"minecraft:feather":13,"minecraft:cooked_beef":34,"minecraft:birch_slab":1,"minecraft:water_bucket":7,"minecraft:brown_wool":2,"minecraft:flint":23,"minecraft:lantern":13,"minecraft:rabbit":8,"minecraft:diamond_helmet":4,"minecraft:glowstone_dust":209,"minecraft:chiseled_polished_blackstone":2,"minecraft:warped_wart_block":1,"minecraft:iron_hoe":2,"minecraft:dispenser":1,"minecraft:granite":71,"minecraft:golden_horse_armor":2,"minecraft:bread":402,"minecraft:music_disc_precipice":1,"minecraft:light_gray_carpet":1,"minecraft:diamond_pickaxe":10,"minecraft:mud":4,"minecraft:crafting_table":14,"minecraft:ominous_bottle":1,"minecraft:nether_wart":64,"minecraft:leather_leggings":1,"minecraft:golden_pickaxe":1,"minecraft:cornflower":3,"minecraft:acacia_door":1,"minecraft:flint_and_steel":1,"minecraft:compass":3,"minecraft:iron_shovel":2,"minecraft:cartography_table":1,"minecraft:netherite_sword":1,"minecraft:beef":70,"minecraft:iron_nugget":4,"minecraft:poppy":6,"minecraft:spruce_slab":11,"minecraft:chest":13,"minecraft:birch_sapling":2,"minecraft:waxed_oxidized_copper":1,"minecraft:egg":15,"minecraft:oak_door":2,"minecraft:flow_pottery_sherd":2,"minecraft:carrot":22,"minecraft:redstone":62,"minecraft:netherite_pickaxe":2,"minecraft:tnt":3,"minecraft:diamond_chestplate":7,"minecraft:decorated_pot":5,"minecraft:beetroot_seeds":4,"minecraft:peony":3,"minecraft:diamond_boots":5,"minecraft:hay_block":43,"minecraft:gold_ingot":3,"minecraft:tuff_bricks":38,"minecraft:glow_berries":1,"minecraft:mutton":81,"minecraft:rail":10,"minecraft:bone_block":158,"minecraft:white_wool":66,"minecraft:filled_map":4,"minecraft:oak_log":270,"minecraft:ancient_debris":5,"minecraft:golden_boots":2,"minecraft:white_banner":4,"minecraft:stone_pickaxe":3,"minecraft:iron_sword":9,"minecraft:smooth_basalt":5,"minecraft:sweet_berries":20,"minecraft:spyglass":6,"minecraft:gravel":302,"minecraft:crying_obsidian":4,"minecraft:polished_tuff":3,"minecraft:leather_helmet":1,"minecraft:slime_ball":2,"minecraft:gray_wool":4,"minecraft:oak_button":1,"minecraft:baked_potato":12,"minecraft:mangrove_propagule":1,"minecraft:ender_pearl":4,"minecraft:wheat":327,"minecraft:potion":2,"minecraft:gilded_blackstone":13,"minecraft:waxed_cut_copper_slab":3,"minecraft:raw_copper":15,"minecraft:iron_leggings":6,"minecraft:bucket":5,"minecraft:calcite":16,"minecraft:iron_pickaxe":7,"minecraft:furnace":10,"minecraft:iron_boots":4,"minecraft:tipped_arrow":9,"minecraft:stick":61,"minecraft:oak_fence":17,"minecraft:torch":503,"minecraft:porkchop":146,"minecraft:pointed_dripstone":5,"minecraft:diorite":95,"minecraft:rotten_flesh":331,"minecraft:mangrove_roots":1,"minecraft:obsidian":79,"minecraft:cod":2,"minecraft:cobblestone":1337,"minecraft:leather_chestplate":1,"minecraft:magma_cream":6,"minecraft:andesite":49,"minecraft:potato":98,"minecraft:tuff":378,"minecraft:acacia_boat":1,"minecraft:dirt":398,"minecraft:lapis_lazuli":577,"minecraft:name_tag":4,"minecraft:bone":1351,"minecraft:acacia_planks":347,"minecraft:bow":79,"minecraft:wheat_seeds":472,"minecraft:raw_gold":439,"minecraft:bolt_armor_trim_smithing_template":3,"minecraft:scrape_pottery_sherd":1,"minecraft:oak_planks":138,"minecraft:cooked_porkchop":134,"minecraft:sand":130,"minecraft:nether_brick_stairs":3,"minecraft:grass_block":1,"minecraft:diamond_block":4,"minecraft:diamond":618,"minecraft:waxed_oxidized_copper_grate":3,"minecraft:cracked_polished_blackstone_bricks":3,"minecraft:crossbow":2,"minecraft:breeze_rod":10,"minecraft:bone_meal":81,"minecraft:golden_apple":9,"minecraft:emerald":25,"minecraft:oak_sapling":3,"minecraft:netherrack":3458,"minecraft:lingering_potion":1,"minecraft:fishing_rod":1,"minecraft:waxed_oxidized_cut_copper":5,"minecraft:chicken":8,"minecraft:brown_mushroom":1,"minecraft:wooden_pickaxe":1,"minecraft:gold_block":4,"minecraft:brick":27,"minecraft:shield":9,"minecraft:iron_axe":5,"minecraft:item_frame":2,"minecraft:blackstone":141,"minecraft:oak_boat":4,"minecraft:light_gray_wool":2,"minecraft:lectern":27,"minecraft:sugar_cane":72,"minecraft:phantom_membrane":1,"minecraft:raw_iron":1020,"minecraft:copper_ingot":64,"minecraft:polished_blackstone_bricks":19,"minecraft:trident":1,"minecraft:weeping_vines":5,"minecraft:arrow":1510,"minecraft:nether_bricks":30,"minecraft:golden_carrot":10,"minecraft:glow_ink_sac":30,"minecraft:salmon":2,"minecraft:leather":43,"minecraft:birch_planks":87,"minecraft:waxed_copper_bulb":9,"minecraft:waxed_copper_block":17,"minecraft:nether_wart_block":11,"minecraft:gunpowder":89,"minecraft:cobblestone_stairs":1,"minecraft:cooked_mutton":110,"minecraft:rabbit_hide":3,"minecraft:iron_ingot":279,"minecraft:cooked_chicken":12,"minecraft:soul_sand":116,"minecraft:book":18,"minecraft:pumpkin":1,"minecraft:birch_boat":5,"minecraft:quartz":359,"minecraft:dandelion":11,"minecraft:dripstone_block":14,"minecraft:raw_iron_block":2,"minecraft:lava_bucket":1,"minecraft:amethyst_shard":184,"minecraft:blast_furnace":2,"minecraft:white_bed":9,"minecraft:spider_eye":37,"minecraft:iron_helmet":6,"minecraft:black_wool":5,"minecraft:chiseled_tuff_bricks":5,"minecraft:coal":1138},"minecraft:killed":{"minecraft:cave_spider":10,"minecraft:skeleton":901,"minecraft:chicken":11,"minecraft:magma_cube":5,"minecraft:iron_golem":1,"minecraft:zombie":338,"minecraft:glow_squid":1,"minecraft:cow":35,"minecraft:rabbit":8,"minecraft:wandering_trader":1,"minecraft:frog":1,"minecraft:breeze":4,"minecraft:enderman":4,"minecraft:zombified_piglin":1,"minecraft:witch":1,"minecraft:spider":113,"minecraft:piglin_brute":4,"minecraft:piglin":15,"minecraft:pig":75,"minecraft:zombie_villager":6,"minecraft:creeper":34,"minecraft:sheep":86,"minecraft:trader_llama":2,"minecraft:stray":2,"minecraft:blaze":19,"minecraft:slime":1,"minecraft:phantom":1,"minecraft:drowned":3,"minecraft:wither_skeleton":3,"minecraft:villager":3}},"DataVersion":3953}