{"stats":{"minecraft:broken":{"minecraft:stone_pickaxe":1,"minecraft:diamond_boots":1,"minecraft:diamond_pickaxe":1,"minecraft:wooden_sword":1,"minecraft:stone_axe":5,"minecraft:shield":1,"minecraft:iron_pickaxe":2},"minecraft:mined":{"minecraft:waxed_cut_copper_slab":7,"minecraft:large_amethyst_bud":7,"minecraft:white_bed":3,"minecraft:obsidian":24,"minecraft:granite":14,"minecraft:budding_amethyst":13,"minecraft:acacia_log":130,"minecraft:grass_block":33,"minecraft:chiseled_tuff_bricks":6,"minecraft:nether_wart":40,"minecraft:tuff_bricks":79,"minecraft:spawner":4,"minecraft:iron_ore":247,"minecraft:cobbled_deepslate":27,"minecraft:fire":12,"minecraft:deepslate_lapis_ore":18,"minecraft:nether_brick_stairs":2,"minecraft:small_amethyst_bud":3,"minecraft:waxed_cut_copper":4,"minecraft:deepslate_redstone_ore":1,"minecraft:medium_amethyst_bud":3,"minecraft:amethyst_cluster":18,"minecraft:torch":28,"minecraft:calcite":20,"minecraft:chest":5,"minecraft:nether_quartz_ore":116,"minecraft:cobblestone":14,"minecraft:sugar_cane":9,"minecraft:waxed_chiseled_copper":3,"minecraft:wall_torch":43,"minecraft:amethyst_block":128,"minecraft:seagrass":1,"minecraft:waxed_copper_bulb":11,"minecraft:nether_wart_block":2,"minecraft:mud":4,"minecraft:birch_log":6,"minecraft:waxed_copper_block":22,"minecraft:oak_log":11,"minecraft:waxed_oxidized_copper":3,"minecraft:acacia_fence":50,"minecraft:dirt":25,"minecraft:smooth_basalt":6,"minecraft:dispenser":1,"minecraft:netherrack":65,"minecraft:oak_leaves":1,"minecraft:deepslate":542,"minecraft:suspicious_gravel":1,"minecraft:nether_gold_ore":10,"minecraft:tuff":34,"minecraft:deepslate_diamond_ore":94,"minecraft:mangrove_roots":1,"minecraft:glow_lichen":2,"minecraft:ladder":9,"minecraft:nether_bricks":67,"minecraft:decorated_pot":13,"minecraft:white_stained_glass":1,"minecraft:spruce_leaves":1,"minecraft:mangrove_propagule":1,"minecraft:sandstone":1,"minecraft:waxed_oxidized_cut_copper":12,"minecraft:furnace":7,"minecraft:waxed_copper_grate":3,"minecraft:andesite":30,"minecraft:chiseled_tuff":1,"minecraft:deepslate_iron_ore":203,"minecraft:shroomlight":1,"minecraft:rail":1,"minecraft:waxed_weathered_copper_bulb":3,"minecraft:stone":367,"minecraft:acacia_leaves":3,"minecraft:soul_sand":20,"minecraft:dandelion":1,"minecraft:oak_fence":3,"minecraft:crafting_table":6,"minecraft:short_grass":252,"minecraft:copper_ore":4,"minecraft:tall_grass":34,"minecraft:deepslate_coal_ore":2,"minecraft:deepslate_gold_ore":67,"minecraft:lapis_ore":14,"minecraft:diorite":41,"minecraft:warped_wart_block":1,"minecraft:waxed_oxidized_copper_grate":4,"minecraft:white_wall_banner":3,"minecraft:coal_ore":467,"minecraft:gravel":19,"minecraft:flower_pot":1,"minecraft:cobweb":36,"minecraft:acacia_planks":2,"minecraft:gold_ore":18},"minecraft:killed_by":{"minecraft:blaze":1,"minecraft:zombie":3},"minecraft:custom":{"minecraft:interact_with_crafting_table":108,"minecraft:open_barrel":6,"minecraft:bell_ring":10,"minecraft:leave_game":9,"minecraft:time_since_death":32444,"minecraft:sprint_one_cm":3166268,"minecraft:damage_blocked_by_shield":9489,"minecraft:drop":234,"minecraft:talked_to_villager":10,"minecraft:play_time":879472,"minecraft:deaths":7,"minecraft:jump":17320,"minecraft:interact_with_brewingstand":1,"minecraft:walk_on_water_one_cm":239829,"minecraft:interact_with_furnace":188,"minecraft:sleep_in_bed":16,"minecraft:damage_dealt":48266,"minecraft:player_kills":1,"minecraft:crouch_one_cm":15028,"minecraft:interact_with_smoker":6,"minecraft:use_cauldron":1,"minecraft:inspect_dispenser":16,"minecraft:horse_one_cm":45746,"minecraft:interact_with_anvil":10,"minecraft:mob_kills":320,"minecraft:climb_one_cm":17662,"minecraft:walk_one_cm":2246191,"minecraft:sneak_time":8777,"minecraft:walk_under_water_one_cm":121971,"minecraft:boat_one_cm":783949,"minecraft:interact_with_blast_furnace":9,"minecraft:total_world_time":879472,"minecraft:time_since_rest":24102,"minecraft:damage_taken":15614,"minecraft:damage_absorbed":150,"minecraft:swim_one_cm":206041,"minecraft:fly_one_cm":3329841,"minecraft:open_chest":293,"minecraft:fish_caught":4,"minecraft:fall_one_cm":439619},"minecraft:used":{"minecraft:tuff_bricks":22,"minecraft:chest":12,"minecraft:shield":463,"minecraft:iron_sword":622,"minecraft:rotten_flesh":23,"minecraft:mutton":4,"minecraft:tuff":3,"minecraft:lava_bucket":18,"minecraft:golden_sword":1,"minecraft:bow":68,"minecraft:furnace":9,"minecraft:egg":5,"minecraft:potato":18,"minecraft:stone_pickaxe":154,"minecraft:golden_apple":4,"minecraft:acacia_door":2,"minecraft:bread":137,"minecraft:string":1,"minecraft:gravel":3,"minecraft:chiseled_tuff_bricks":1,"minecraft:diamond_sword":1657,"minecraft:wooden_sword":107,"minecraft:cooked_rabbit":1,"minecraft:andesite":17,"minecraft:oak_boat":2,"minecraft:acacia_log":1,"minecraft:trial_key":7,"minecraft:cooked_chicken":10,"minecraft:netherrack":14,"minecraft:torch":679,"minecraft:dirt":16,"minecraft:spyglass":137,"minecraft:anvil":1,"minecraft:wooden_axe":9,"minecraft:iron_axe":193,"minecraft:beef":3,"minecraft:cooked_beef":16,"minecraft:cobbled_deepslate":324,"minecraft:acacia_planks":149,"minecraft:wheat_seeds":1,"minecraft:cooked_mutton":24,"minecraft:acacia_boat":2,"minecraft:water_bucket":53,"minecraft:rabbit":1,"minecraft:birch_planks":1,"minecraft:baked_potato":33,"minecraft:waxed_oxidized_cut_copper":1,"minecraft:waxed_copper_block":2,"minecraft:crafting_table":13,"minecraft:white_bed":4,"minecraft:cod":1,"minecraft:diamond_pickaxe":2303,"minecraft:iron_pickaxe":504,"minecraft:stone_axe":444,"minecraft:fishing_rod":11,"minecraft:cobblestone":116,"minecraft:porkchop":10,"minecraft:white_banner":4,"minecraft:cooked_porkchop":66,"minecraft:bucket":73},"minecraft:crafted":{"minecraft:oak_planks":44,"minecraft:cooked_chicken":3,"minecraft:cooked_mutton":24,"minecraft:diamond_helmet":3,"minecraft:diamond_leggings":2,"minecraft:iron_boots":4,"minecraft:chest":7,"minecraft:cooked_rabbit":1,"minecraft:cooked_porkchop":48,"minecraft:crafting_table":8,"minecraft:iron_helmet":4,"minecraft:baked_potato":14,"minecraft:copper_ingot":74,"minecraft:birch_planks":24,"minecraft:iron_chestplate":3,"minecraft:diamond_pickaxe":3,"minecraft:shield":4,"minecraft:stick":208,"minecraft:iron_ingot":296,"minecraft:compass":2,"minecraft:iron_pickaxe":5,"minecraft:iron_block":3,"minecraft:gold_ingot":34,"minecraft:acacia_door":3,"minecraft:wooden_sword":2,"minecraft:iron_nugget":1,"minecraft:spyglass":2,"minecraft:furnace":6,"minecraft:iron_axe":1,"minecraft:stone_pickaxe":1,"minecraft:diamond_boots":2,"minecraft:cooked_beef":16,"minecraft:diamond_sword":4,"minecraft:iron_sword":4,"minecraft:bucket":1,"minecraft:stone_axe":5,"minecraft:acacia_boat":2,"minecraft:oak_boat":1,"minecraft:golden_apple":3,"minecraft:wooden_axe":2,"minecraft:iron_leggings":3,"minecraft:anvil":1,"minecraft:white_bed":1,"minecraft:acacia_planks":480,"minecraft:torch":516,"minecraft:diamond_chestplate":1},"minecraft:dropped":{"minecraft:guster_pottery_sherd":1,"minecraft:acacia_boat":1,"minecraft:iron_sword":8,"minecraft:birch_planks":4,"minecraft:brown_mushroom":1,"minecraft:porkchop":4,"minecraft:cooked_beef":4,"minecraft:glow_ink_sac":7,"minecraft:diamond":10,"minecraft:crafting_table":2,"minecraft:weeping_vines":5,"minecraft:glow_berries":3,"minecraft:leather":3,"minecraft:iron_horse_armor":1,"minecraft:flint":4,"minecraft:dirt":128,"minecraft:amethyst_shard":74,"minecraft:iron_pickaxe":5,"minecraft:fishing_rod":1,"minecraft:bone":14,"minecraft:gravel":37,"minecraft:compass":4,"minecraft:spyglass":2,"minecraft:chiseled_tuff_bricks":4,"minecraft:cobbled_deepslate":1,"minecraft:obsidian":24,"minecraft:rotten_flesh":42,"minecraft:white_bed":1,"minecraft:rabbit_hide":1,"minecraft:tipped_arrow":2,"minecraft:gunpowder":40,"minecraft:melon_seeds":2,"minecraft:lingering_potion":1,"minecraft:leather_boots":1,"minecraft:chest":1,"minecraft:leather_leggings":1,"minecraft:arrow":5,"minecraft:warped_wart_block":1,"minecraft:netherrack":35,"minecraft:egg":3,"minecraft:water_bucket":3,"minecraft:iron_ingot":128,"minecraft:bread":64,"minecraft:wheat_seeds":14,"minecraft:tnt":2,"minecraft:golden_horse_armor":1,"minecraft:diamond_leggings":3,"minecraft:cobblestone":58,"minecraft:oak_fence":8,"minecraft:iron_helmet":4,"minecraft:amethyst_block":25,"minecraft:granite":43,"minecraft:copper_ingot":75,"minecraft:golden_apple":1,"minecraft:coal":61,"minecraft:stick":3,"minecraft:lava_bucket":1,"minecraft:diorite":34,"minecraft:wooden_axe":1,"minecraft:nether_wart_block":9,"minecraft:waxed_oxidized_copper":1,"minecraft:diamond_helmet":2,"minecraft:potion":1,"minecraft:iron_leggings":5,"minecraft:iron_axe":2,"minecraft:string":3,"minecraft:bucket":3,"minecraft:acacia_planks":132,"minecraft:dandelion":1,"minecraft:redstone":52,"minecraft:furnace":1,"minecraft:flow_pottery_sherd":1,"minecraft:stone_sword":3,"minecraft:tuff":13,"minecraft:raw_iron":10,"minecraft:iron_boots":3,"minecraft:iron_hoe":2,"minecraft:name_tag":3,"minecraft:filled_map":3,"minecraft:diamond_sword":4,"minecraft:shield":3,"minecraft:trial_key":1,"minecraft:diamond_chestplate":2,"minecraft:iron_chestplate":3,"minecraft:diamond_pickaxe":1,"minecraft:andesite":5,"minecraft:waxed_oxidized_cut_copper":4,"minecraft:spider_eye":5,"minecraft:diamond_boots":1,"minecraft:bow":4,"minecraft:raw_gold":14,"minecraft:calcite":3,"minecraft:brick":1,"minecraft:waxed_oxidized_copper_trapdoor":1},"minecraft:picked_up":{"minecraft:iron_chestplate":4,"minecraft:flower_pot":1,"minecraft:lead":2,"minecraft:diamond_sword":6,"minecraft:potion":2,"minecraft:enchanted_book":2,"minecraft:golden_sword":1,"minecraft:amethyst_block":122,"minecraft:string":76,"minecraft:waxed_cut_copper_slab":3,"minecraft:raw_copper":5,"minecraft:iron_leggings":3,"minecraft:shroomlight":1,"minecraft:diamond_leggings":6,"minecraft:gold_nugget":86,"minecraft:cobbled_deepslate":626,"minecraft:bucket":5,"minecraft:trial_key":8,"minecraft:calcite":12,"minecraft:iron_pickaxe":6,"minecraft:furnace":10,"minecraft:iron_boots":1,"minecraft:tipped_arrow":9,"minecraft:stick":54,"minecraft:oak_fence":8,"minecraft:torch":398,"minecraft:acacia_log":128,"minecraft:porkchop":79,"minecraft:waxed_weathered_copper_bulb":3,"minecraft:waxed_copper_grate":3,"minecraft:diorite":43,"minecraft:stone_sword":4,"minecraft:rotten_flesh":66,"minecraft:armadillo_scute":1,"minecraft:mangrove_roots":1,"minecraft:waxed_cut_copper":1,"minecraft:blaze_rod":18,"minecraft:obsidian":72,"minecraft:cod":2,"minecraft:cobblestone":399,"minecraft:birch_log":6,"minecraft:leather_chestplate":1,"minecraft:feather":5,"minecraft:cooked_beef":4,"minecraft:water_bucket":6,"minecraft:andesite":34,"minecraft:flint":4,"minecraft:tuff":27,"minecraft:acacia_boat":1,"minecraft:lapis_lazuli":295,"minecraft:dirt":160,"minecraft:name_tag":3,"minecraft:bone":131,"minecraft:acacia_planks":291,"minecraft:bow":10,"minecraft:wheat_seeds":31,"minecraft:raw_gold":105,"minecraft:bolt_armor_trim_smithing_template":3,"minecraft:rabbit":1,"minecraft:diamond_helmet":3,"minecraft:scrape_pottery_sherd":1,"minecraft:oak_planks":32,"minecraft:cooked_porkchop":52,"minecraft:warped_wart_block":1,"minecraft:nether_brick_stairs":3,"minecraft:iron_hoe":2,"minecraft:dispenser":1,"minecraft:diamond":100,"minecraft:waxed_oxidized_copper_grate":3,"minecraft:granite":48,"minecraft:crossbow":1,"minecraft:breeze_rod":10,"minecraft:golden_apple":4,"minecraft:emerald":25,"minecraft:golden_horse_armor":1,"minecraft:bread":235,"minecraft:music_disc_precipice":1,"minecraft:netherrack":134,"minecraft:diamond_pickaxe":4,"minecraft:waxed_oxidized_cut_copper":5,"minecraft:lingering_potion":1,"minecraft:fishing_rod":1,"minecraft:mud":4,"minecraft:crafting_table":8,"minecraft:ominous_bottle":1,"minecraft:chicken":3,"minecraft:nether_wart":61,"minecraft:leather_leggings":1,"minecraft:brown_mushroom":1,"minecraft:brick":27,"minecraft:shield":7,"minecraft:iron_axe":4,"minecraft:acacia_door":1,"minecraft:flint_and_steel":1,"minecraft:compass":2,"minecraft:beef":23,"minecraft:oak_boat":2,"minecraft:chest":6,"minecraft:sugar_cane":22,"minecraft:waxed_oxidized_copper":1,"minecraft:egg":10,"minecraft:raw_iron":510,"minecraft:copper_ingot":64,"minecraft:flow_pottery_sherd":2,"minecraft:trident":1,"minecraft:redstone":48,"minecraft:tnt":2,"minecraft:arrow":297,"minecraft:weeping_vines":5,"minecraft:diamond_chestplate":6,"minecraft:decorated_pot":5,"minecraft:nether_bricks":30,"minecraft:diamond_boots":4,"minecraft:gold_ingot":1,"minecraft:tuff_bricks":38,"minecraft:mutton":36,"minecraft:rail":1,"minecraft:white_wool":22,"minecraft:glow_ink_sac":18,"minecraft:salmon":2,"minecraft:leather":14,"minecraft:filled_map":3,"minecraft:birch_planks":65,"minecraft:waxed_copper_bulb":9,"minecraft:oak_log":11,"minecraft:waxed_copper_block":17,"minecraft:nether_wart_block":11,"minecraft:gunpowder":57,"minecraft:white_banner":3,"minecraft:cooked_mutton":7,"minecraft:rabbit_hide":2,"minecraft:iron_ingot":80,"minecraft:stone_pickaxe":3,"minecraft:cooked_chicken":5,"minecraft:iron_sword":6,"minecraft:soul_sand":20,"minecraft:smooth_basalt":5,"minecraft:quartz":194,"minecraft:dandelion":1,"minecraft:spyglass":6,"minecraft:gravel":46,"minecraft:lava_bucket":1,"minecraft:amethyst_shard":148,"minecraft:white_bed":4,"minecraft:spider_eye":12,"minecraft:polished_tuff":3,"minecraft:leather_helmet":1,"minecraft:iron_helmet":4,"minecraft:gray_wool":1,"minecraft:oak_button":1,"minecraft:baked_potato":12,"minecraft:black_wool":1,"minecraft:mangrove_propagule":1,"minecraft:coal":513,"minecraft:chiseled_tuff_bricks":5,"minecraft:ender_pearl":1},"minecraft:killed":{"minecraft:cave_spider":1,"minecraft:spider":36,"minecraft:skeleton":83,"minecraft:chicken":3,"minecraft:magma_cube":5,"minecraft:piglin":2,"minecraft:pig":37,"minecraft:zombie_villager":3,"minecraft:sheep":23,"minecraft:trader_llama":2,"minecraft:zombie":60,"minecraft:stray":2,"minecraft:blaze":19,"minecraft:cow":11,"minecraft:drowned":3,"minecraft:rabbit":1,"minecraft:wandering_trader":1,"minecraft:frog":1,"minecraft:breeze":4,"minecraft:wither_skeleton":3}},"DataVersion":3953}