{"stats":{"minecraft:broken":{"minecraft:stone_pickaxe":1,"minecraft:diamond_pickaxe":1,"minecraft:wooden_sword":1,"minecraft:stone_axe":5,"minecraft:shield":1,"minecraft:iron_pickaxe":1},"minecraft:mined":{"minecraft:waxed_cut_copper_slab":7,"minecraft:large_amethyst_bud":7,"minecraft:white_bed":3,"minecraft:obsidian":24,"minecraft:granite":1,"minecraft:budding_amethyst":13,"minecraft:acacia_log":130,"minecraft:grass_block":18,"minecraft:chiseled_tuff_bricks":6,"minecraft:tuff_bricks":79,"minecraft:spawner":1,"minecraft:iron_ore":192,"minecraft:cobbled_deepslate":13,"minecraft:fire":3,"minecraft:deepslate_lapis_ore":17,"minecraft:small_amethyst_bud":3,"minecraft:waxed_cut_copper":4,"minecraft:deepslate_redstone_ore":1,"minecraft:medium_amethyst_bud":3,"minecraft:amethyst_cluster":18,"minecraft:torch":18,"minecraft:calcite":20,"minecraft:chest":5,"minecraft:cobblestone":7,"minecraft:sugar_cane":9,"minecraft:waxed_chiseled_copper":3,"minecraft:wall_torch":39,"minecraft:amethyst_block":128,"minecraft:seagrass":1,"minecraft:waxed_copper_bulb":11,"minecraft:mud":4,"minecraft:birch_log":6,"minecraft:waxed_copper_block":22,"minecraft:oak_log":11,"minecraft:waxed_oxidized_copper":3,"minecraft:acacia_fence":50,"minecraft:dirt":20,"minecraft:smooth_basalt":6,"minecraft:dispenser":1,"minecraft:oak_leaves":1,"minecraft:deepslate":385,"minecraft:suspicious_gravel":1,"minecraft:tuff":26,"minecraft:deepslate_diamond_ore":62,"minecraft:mangrove_roots":1,"minecraft:glow_lichen":2,"minecraft:ladder":9,"minecraft:decorated_pot":13,"minecraft:white_stained_glass":1,"minecraft:spruce_leaves":1,"minecraft:mangrove_propagule":1,"minecraft:sandstone":1,"minecraft:waxed_oxidized_cut_copper":12,"minecraft:furnace":7,"minecraft:waxed_copper_grate":3,"minecraft:andesite":22,"minecraft:chiseled_tuff":1,"minecraft:deepslate_iron_ore":140,"minecraft:rail":1,"minecraft:waxed_weathered_copper_bulb":3,"minecraft:stone":244,"minecraft:acacia_leaves":3,"minecraft:dandelion":1,"minecraft:oak_fence":3,"minecraft:crafting_table":6,"minecraft:short_grass":250,"minecraft:tall_grass":34,"minecraft:copper_ore":4,"minecraft:deepslate_coal_ore":2,"minecraft:lapis_ore":14,"minecraft:deepslate_gold_ore":58,"minecraft:diorite":30,"minecraft:waxed_oxidized_copper_grate":4,"minecraft:white_wall_banner":2,"minecraft:coal_ore":351,"minecraft:flower_pot":1,"minecraft:gravel":11,"minecraft:cobweb":21,"minecraft:acacia_planks":2,"minecraft:gold_ore":18},"minecraft:killed_by":{"minecraft:zombie":3},"minecraft:custom":{"minecraft:interact_with_crafting_table":94,"minecraft:open_barrel":6,"minecraft:bell_ring":10,"minecraft:leave_game":7,"minecraft:time_since_death":225660,"minecraft:sprint_one_cm":2433205,"minecraft:damage_blocked_by_shield":8339,"minecraft:drop":199,"minecraft:talked_to_villager":7,"minecraft:play_time":723666,"minecraft:deaths":5,"minecraft:jump":14772,"minecraft:interact_with_brewingstand":1,"minecraft:walk_on_water_one_cm":215718,"minecraft:interact_with_furnace":181,"minecraft:sleep_in_bed":13,"minecraft:damage_dealt":41500,"minecraft:player_kills":1,"minecraft:crouch_one_cm":13457,"minecraft:interact_with_smoker":2,"minecraft:inspect_dispenser":16,"minecraft:horse_one_cm":45746,"minecraft:mob_kills":270,"minecraft:climb_one_cm":17578,"minecraft:walk_one_cm":1680643,"minecraft:sneak_time":7659,"minecraft:walk_under_water_one_cm":112575,"minecraft:boat_one_cm":783949,"minecraft:interact_with_blast_furnace":1,"minecraft:total_world_time":723666,"minecraft:time_since_rest":37477,"minecraft:damage_taken":12505,"minecraft:damage_absorbed":28,"minecraft:swim_one_cm":196954,"minecraft:fly_one_cm":2963116,"minecraft:open_chest":226,"minecraft:fish_caught":4,"minecraft:fall_one_cm":397551},"minecraft:used":{"minecraft:tuff_bricks":22,"minecraft:chest":12,"minecraft:shield":426,"minecraft:iron_sword":428,"minecraft:rotten_flesh":14,"minecraft:mutton":4,"minecraft:tuff":3,"minecraft:lava_bucket":18,"minecraft:bow":30,"minecraft:furnace":8,"minecraft:egg":5,"minecraft:potato":18,"minecraft:stone_pickaxe":154,"minecraft:golden_apple":1,"minecraft:acacia_door":2,"minecraft:bread":96,"minecraft:string":1,"minecraft:chiseled_tuff_bricks":1,"minecraft:diamond_sword":1448,"minecraft:wooden_sword":107,"minecraft:andesite":11,"minecraft:oak_boat":2,"minecraft:acacia_log":1,"minecraft:cooked_chicken":7,"minecraft:trial_key":7,"minecraft:torch":554,"minecraft:dirt":16,"minecraft:spyglass":137,"minecraft:wooden_axe":9,"minecraft:iron_axe":193,"minecraft:beef":3,"minecraft:cooked_beef":16,"minecraft:cobbled_deepslate":185,"minecraft:acacia_planks":149,"minecraft:cooked_mutton":24,"minecraft:acacia_boat":2,"minecraft:water_bucket":46,"minecraft:baked_potato":18,"minecraft:waxed_oxidized_cut_copper":1,"minecraft:waxed_copper_block":2,"minecraft:crafting_table":12,"minecraft:white_bed":4,"minecraft:cod":1,"minecraft:diamond_pickaxe":1621,"minecraft:iron_pickaxe":252,"minecraft:stone_axe":444,"minecraft:fishing_rod":11,"minecraft:cobblestone":64,"minecraft:porkchop":10,"minecraft:white_banner":3,"minecraft:cooked_porkchop":66,"minecraft:bucket":65},"minecraft:crafted":{"minecraft:oak_planks":44,"minecraft:cooked_chicken":3,"minecraft:cooked_mutton":24,"minecraft:diamond_helmet":2,"minecraft:diamond_leggings":1,"minecraft:iron_boots":3,"minecraft:chest":7,"minecraft:cooked_porkchop":48,"minecraft:crafting_table":8,"minecraft:baked_potato":14,"minecraft:iron_helmet":3,"minecraft:copper_ingot":74,"minecraft:birch_planks":24,"minecraft:iron_chestplate":2,"minecraft:diamond_pickaxe":2,"minecraft:shield":2,"minecraft:stick":140,"minecraft:iron_pickaxe":4,"minecraft:iron_ingot":168,"minecraft:compass":2,"minecraft:gold_ingot":9,"minecraft:acacia_door":3,"minecraft:wooden_sword":2,"minecraft:iron_nugget":1,"minecraft:spyglass":2,"minecraft:furnace":6,"minecraft:iron_axe":1,"minecraft:stone_pickaxe":1,"minecraft:diamond_boots":1,"minecraft:cooked_beef":16,"minecraft:diamond_sword":2,"minecraft:iron_sword":4,"minecraft:bucket":1,"minecraft:stone_axe":5,"minecraft:acacia_boat":2,"minecraft:oak_boat":1,"minecraft:golden_apple":3,"minecraft:wooden_axe":2,"minecraft:iron_leggings":2,"minecraft:white_bed":1,"minecraft:acacia_planks":480,"minecraft:torch":348,"minecraft:diamond_chestplate":1},"minecraft:dropped":{"minecraft:guster_pottery_sherd":1,"minecraft:acacia_boat":1,"minecraft:iron_sword":7,"minecraft:brown_mushroom":1,"minecraft:porkchop":4,"minecraft:cooked_beef":4,"minecraft:glow_ink_sac":7,"minecraft:diamond":10,"minecraft:crafting_table":2,"minecraft:glow_berries":3,"minecraft:leather":3,"minecraft:iron_horse_armor":1,"minecraft:flint":1,"minecraft:dirt":54,"minecraft:amethyst_shard":74,"minecraft:iron_pickaxe":5,"minecraft:fishing_rod":1,"minecraft:bone":14,"minecraft:gravel":25,"minecraft:compass":4,"minecraft:spyglass":2,"minecraft:chiseled_tuff_bricks":4,"minecraft:cobbled_deepslate":1,"minecraft:obsidian":24,"minecraft:rotten_flesh":34,"minecraft:white_bed":1,"minecraft:tipped_arrow":2,"minecraft:gunpowder":39,"minecraft:melon_seeds":2,"minecraft:lingering_potion":1,"minecraft:leather_boots":1,"minecraft:chest":1,"minecraft:leather_leggings":1,"minecraft:arrow":5,"minecraft:egg":3,"minecraft:water_bucket":3,"minecraft:iron_ingot":128,"minecraft:bread":64,"minecraft:wheat_seeds":14,"minecraft:tnt":2,"minecraft:golden_horse_armor":1,"minecraft:diamond_leggings":1,"minecraft:cobblestone":58,"minecraft:oak_fence":6,"minecraft:iron_helmet":4,"minecraft:amethyst_block":25,"minecraft:granite":43,"minecraft:copper_ingot":75,"minecraft:golden_apple":1,"minecraft:coal":61,"minecraft:stick":3,"minecraft:lava_bucket":1,"minecraft:diorite":6,"minecraft:wooden_axe":1,"minecraft:diamond_helmet":1,"minecraft:waxed_oxidized_copper":1,"minecraft:potion":1,"minecraft:iron_leggings":5,"minecraft:iron_axe":2,"minecraft:string":3,"minecraft:bucket":3,"minecraft:acacia_planks":132,"minecraft:dandelion":1,"minecraft:redstone":52,"minecraft:furnace":1,"minecraft:flow_pottery_sherd":1,"minecraft:stone_sword":2,"minecraft:tuff":1,"minecraft:raw_iron":9,"minecraft:iron_boots":3,"minecraft:iron_hoe":1,"minecraft:name_tag":3,"minecraft:filled_map":3,"minecraft:diamond_sword":3,"minecraft:shield":1,"minecraft:trial_key":1,"minecraft:diamond_chestplate":2,"minecraft:iron_chestplate":3,"minecraft:andesite":2,"minecraft:waxed_oxidized_cut_copper":4,"minecraft:spider_eye":4,"minecraft:diamond_boots":1,"minecraft:bow":4,"minecraft:raw_gold":14,"minecraft:calcite":3,"minecraft:brick":1,"minecraft:waxed_oxidized_copper_trapdoor":1},"minecraft:picked_up":{"minecraft:iron_chestplate":4,"minecraft:flower_pot":1,"minecraft:lead":2,"minecraft:diamond_sword":3,"minecraft:potion":2,"minecraft:enchanted_book":2,"minecraft:amethyst_block":122,"minecraft:string":54,"minecraft:waxed_cut_copper_slab":3,"minecraft:raw_copper":5,"minecraft:iron_leggings":3,"minecraft:diamond_leggings":2,"minecraft:cobbled_deepslate":489,"minecraft:bucket":3,"minecraft:trial_key":8,"minecraft:calcite":12,"minecraft:iron_pickaxe":6,"minecraft:furnace":10,"minecraft:iron_boots":1,"minecraft:tipped_arrow":9,"minecraft:stick":25,"minecraft:oak_fence":6,"minecraft:torch":327,"minecraft:acacia_log":128,"minecraft:porkchop":79,"minecraft:waxed_weathered_copper_bulb":3,"minecraft:waxed_copper_grate":3,"minecraft:diorite":32,"minecraft:stone_sword":2,"minecraft:rotten_flesh":50,"minecraft:armadillo_scute":1,"minecraft:mangrove_roots":1,"minecraft:waxed_cut_copper":1,"minecraft:obsidian":72,"minecraft:cod":2,"minecraft:cobblestone":255,"minecraft:birch_log":6,"minecraft:leather_chestplate":1,"minecraft:feather":5,"minecraft:cooked_beef":4,"minecraft:water_bucket":6,"minecraft:andesite":25,"minecraft:flint":1,"minecraft:tuff":20,"minecraft:acacia_boat":1,"minecraft:lapis_lazuli":291,"minecraft:dirt":86,"minecraft:name_tag":3,"minecraft:bone":126,"minecraft:acacia_planks":291,"minecraft:bow":8,"minecraft:wheat_seeds":30,"minecraft:raw_gold":96,"minecraft:bolt_armor_trim_smithing_template":3,"minecraft:diamond_helmet":2,"minecraft:scrape_pottery_sherd":1,"minecraft:cooked_porkchop":52,"minecraft:iron_hoe":1,"minecraft:dispenser":1,"minecraft:diamond":68,"minecraft:waxed_oxidized_copper_grate":3,"minecraft:granite":43,"minecraft:crossbow":1,"minecraft:breeze_rod":10,"minecraft:golden_apple":2,"minecraft:golden_horse_armor":1,"minecraft:emerald":25,"minecraft:bread":170,"minecraft:music_disc_precipice":1,"minecraft:diamond_pickaxe":1,"minecraft:waxed_oxidized_cut_copper":5,"minecraft:lingering_potion":1,"minecraft:fishing_rod":1,"minecraft:mud":4,"minecraft:crafting_table":7,"minecraft:ominous_bottle":1,"minecraft:chicken":3,"minecraft:leather_leggings":1,"minecraft:brown_mushroom":1,"minecraft:brick":27,"minecraft:shield":4,"minecraft:iron_axe":4,"minecraft:acacia_door":1,"minecraft:compass":2,"minecraft:beef":23,"minecraft:oak_boat":2,"minecraft:chest":6,"minecraft:sugar_cane":22,"minecraft:waxed_oxidized_copper":1,"minecraft:egg":10,"minecraft:raw_iron":397,"minecraft:copper_ingot":64,"minecraft:flow_pottery_sherd":2,"minecraft:trident":1,"minecraft:redstone":48,"minecraft:tnt":2,"minecraft:arrow":256,"minecraft:diamond_chestplate":4,"minecraft:decorated_pot":5,"minecraft:diamond_boots":2,"minecraft:tuff_bricks":38,"minecraft:mutton":36,"minecraft:rail":1,"minecraft:white_wool":22,"minecraft:glow_ink_sac":18,"minecraft:salmon":2,"minecraft:leather":14,"minecraft:birch_planks":64,"minecraft:filled_map":3,"minecraft:waxed_copper_bulb":9,"minecraft:oak_log":11,"minecraft:waxed_copper_block":17,"minecraft:gunpowder":56,"minecraft:white_banner":2,"minecraft:cooked_mutton":7,"minecraft:iron_ingot":80,"minecraft:stone_pickaxe":3,"minecraft:cooked_chicken":5,"minecraft:iron_sword":6,"minecraft:smooth_basalt":5,"minecraft:dandelion":1,"minecraft:spyglass":5,"minecraft:gravel":30,"minecraft:amethyst_shard":148,"minecraft:white_bed":4,"minecraft:polished_tuff":3,"minecraft:spider_eye":10,"minecraft:leather_helmet":1,"minecraft:iron_helmet":4,"minecraft:gray_wool":1,"minecraft:oak_button":1,"minecraft:baked_potato":12,"minecraft:black_wool":1,"minecraft:chiseled_tuff_bricks":5,"minecraft:mangrove_propagule":1,"minecraft:coal":399,"minecraft:ender_pearl":1},"minecraft:killed":{"minecraft:cave_spider":1,"minecraft:spider":31,"minecraft:skeleton":82,"minecraft:chicken":3,"minecraft:pig":37,"minecraft:zombie_villager":1,"minecraft:sheep":23,"minecraft:trader_llama":2,"minecraft:zombie":50,"minecraft:stray":2,"minecraft:cow":11,"minecraft:drowned":3,"minecraft:wandering_trader":1,"minecraft:frog":1,"minecraft:breeze":4}},"DataVersion":3953}