{"stats":{"minecraft:broken":{"minecraft:stone_pickaxe":1,"minecraft:diamond_boots":1,"minecraft:diamond_pickaxe":2,"minecraft:wooden_sword":1,"minecraft:stone_axe":5,"minecraft:shield":1,"minecraft:iron_pickaxe":3},"minecraft:mined":{"minecraft:waxed_cut_copper_slab":7,"minecraft:large_amethyst_bud":7,"minecraft:spruce_planks":51,"minecraft:white_bed":7,"minecraft:sculk_vein":18,"minecraft:obsidian":25,"minecraft:granite":31,"minecraft:budding_amethyst":15,"minecraft:chiseled_polished_blackstone":2,"minecraft:acacia_log":130,"minecraft:grass_block":133,"minecraft:cracked_polished_blackstone_bricks":2,"minecraft:soul_soil":37,"minecraft:chiseled_tuff_bricks":6,"minecraft:nether_wart":41,"minecraft:tuff_bricks":79,"minecraft:spawner":8,"minecraft:gilded_blackstone":7,"minecraft:polished_blackstone_bricks":3,"minecraft:magma_block":1,"minecraft:sculk_catalyst":2,"minecraft:glowstone":41,"minecraft:iron_ore":422,"minecraft:fire":12,"minecraft:cobbled_deepslate":91,"minecraft:deepslate_lapis_ore":32,"minecraft:nether_brick_stairs":2,"minecraft:sculk_shrieker":2,"minecraft:pointed_dripstone":3,"minecraft:cave_vines":1,"minecraft:dirt_path":34,"minecraft:oak_stairs":1,"minecraft:small_amethyst_bud":4,"minecraft:spruce_slab":9,"minecraft:waxed_cut_copper":4,"minecraft:deepslate_redstone_ore":3,"minecraft:blackstone":118,"minecraft:medium_amethyst_bud":3,"minecraft:soul_fire":6,"minecraft:amethyst_cluster":18,"minecraft:powder_snow":43,"minecraft:torch":49,"minecraft:poppy":6,"minecraft:calcite":20,"minecraft:chest":12,"minecraft:nether_quartz_ore":230,"minecraft:cobblestone":38,"minecraft:oak_planks":20,"minecraft:sugar_cane":24,"minecraft:waxed_chiseled_copper":3,"minecraft:wall_torch":75,"minecraft:amethyst_block":199,"minecraft:seagrass":1,"minecraft:waxed_copper_bulb":11,"minecraft:nether_wart_block":2,"minecraft:mud":4,"minecraft:birch_log":24,"minecraft:waxed_copper_block":22,"minecraft:oak_log":112,"minecraft:waxed_oxidized_copper":3,"minecraft:acacia_fence":50,"minecraft:sand":70,"minecraft:dirt":132,"minecraft:ancient_debris":3,"minecraft:smooth_basalt":6,"minecraft:dispenser":1,"minecraft:netherrack":1618,"minecraft:oak_leaves":13,"minecraft:deepslate":2883,"minecraft:suspicious_gravel":1,"minecraft:nether_gold_ore":29,"minecraft:diamond_ore":2,"minecraft:tuff":350,"minecraft:deepslate_diamond_ore":192,"minecraft:mangrove_roots":1,"minecraft:nether_bricks":67,"minecraft:glow_lichen":3,"minecraft:ladder":9,"minecraft:decorated_pot":13,"minecraft:white_stained_glass":1,"minecraft:birch_slab":1,"minecraft:spruce_leaves":1,"minecraft:cartography_table":1,"minecraft:sandstone":1,"minecraft:mangrove_propagule":1,"minecraft:hay_block":30,"minecraft:redstone_ore":2,"minecraft:waxed_oxidized_cut_copper":12,"minecraft:furnace":7,"minecraft:carrots":1,"minecraft:waxed_copper_grate":3,"minecraft:snow":6,"minecraft:andesite":76,"minecraft:diamond_block":2,"minecraft:gold_block":3,"minecraft:chiseled_tuff":1,"minecraft:bookshelf":6,"minecraft:potatoes":23,"minecraft:shroomlight":1,"minecraft:deepslate_iron_ore":324,"minecraft:rail":2,"minecraft:lantern":13,"minecraft:waxed_weathered_copper_bulb":3,"minecraft:stone":1075,"minecraft:bone_block":34,"minecraft:light_gray_carpet":2,"minecraft:acacia_leaves":3,"minecraft:soul_sand":46,"minecraft:dandelion":10,"minecraft:oak_fence":3,"minecraft:crafting_table":6,"minecraft:cornflower":2,"minecraft:short_grass":311,"minecraft:lectern":27,"minecraft:sculk_sensor":12,"minecraft:copper_ore":7,"minecraft:tall_grass":41,"minecraft:deepslate_coal_ore":28,"minecraft:lapis_ore":20,"minecraft:deepslate_gold_ore":176,"minecraft:sculk":531,"minecraft:diorite":105,"minecraft:warped_wart_block":1,"minecraft:birch_planks":25,"minecraft:waxed_oxidized_copper_grate":4,"minecraft:white_carpet":1,"minecraft:birch_leaves":3,"minecraft:white_wall_banner":3,"minecraft:coal_ore":650,"minecraft:flower_pot":1,"minecraft:gravel":100,"minecraft:dripstone_block":19,"minecraft:cobweb":84,"minecraft:acacia_planks":58,"minecraft:gold_ore":34},"minecraft:killed_by":{"minecraft:piglin_brute":5,"minecraft:blaze":1,"minecraft:zombie":3},"minecraft:custom":{"minecraft:interact_with_crafting_table":184,"minecraft:open_barrel":17,"minecraft:bell_ring":10,"minecraft:leave_game":25,"minecraft:time_since_death":122177,"minecraft:sprint_one_cm":5616663,"minecraft:damage_blocked_by_shield":16373,"minecraft:drop":327,"minecraft:talked_to_villager":49,"minecraft:play_time":1695452,"minecraft:deaths":14,"minecraft:jump":29892,"minecraft:interact_with_brewingstand":3,"minecraft:walk_on_water_one_cm":309354,"minecraft:interact_with_furnace":213,"minecraft:interact_with_cartography_table":4,"minecraft:sleep_in_bed":23,"minecraft:damage_dealt":82970,"minecraft:player_kills":1,"minecraft:crouch_one_cm":55256,"minecraft:inspect_dispenser":16,"minecraft:horse_one_cm":45746,"minecraft:interact_with_smoker":19,"minecraft:use_cauldron":3,"minecraft:interact_with_anvil":22,"minecraft:mob_kills":568,"minecraft:climb_one_cm":22562,"minecraft:walk_one_cm":4500337,"minecraft:sneak_time":27551,"minecraft:walk_under_water_one_cm":165905,"minecraft:boat_one_cm":783949,"minecraft:interact_with_blast_furnace":35,"minecraft:total_world_time":1695452,"minecraft:time_since_rest":8056,"minecraft:damage_taken":25565,"minecraft:damage_absorbed":150,"minecraft:swim_one_cm":253505,"minecraft:fly_one_cm":5184778,"minecraft:open_chest":725,"minecraft:fall_one_cm":706468,"minecraft:fish_caught":4},"minecraft:used":{"minecraft:tuff_bricks":22,"minecraft:iron_shovel":107,"minecraft:diamond_hoe":564,"minecraft:chest":43,"minecraft:shield":733,"minecraft:iron_sword":736,"minecraft:rotten_flesh":61,"minecraft:soul_sand":18,"minecraft:mutton":4,"minecraft:carrot":1,"minecraft:tuff":199,"minecraft:snowball":15,"minecraft:lava_bucket":18,"minecraft:lantern":10,"minecraft:birch_sapling":1,"minecraft:item_frame":2,"minecraft:golden_sword":1,"minecraft:red_stained_glass_pane":16,"minecraft:bow":201,"minecraft:hay_block":3,"minecraft:furnace":9,"minecraft:egg":5,"minecraft:potato":42,"minecraft:diorite":11,"minecraft:oak_planks":109,"minecraft:red_stained_glass":3,"minecraft:stone_pickaxe":154,"minecraft:blackstone":3,"minecraft:ender_pearl":1,"minecraft:golden_apple":6,"minecraft:glow_berries":14,"minecraft:acacia_door":2,"minecraft:bread":287,"minecraft:string":1,"minecraft:lectern":26,"minecraft:gravel":4,"minecraft:chiseled_tuff_bricks":1,"minecraft:diamond_sword":2362,"minecraft:wooden_sword":107,"minecraft:golden_pickaxe":11,"minecraft:cooked_rabbit":1,"minecraft:andesite":28,"minecraft:oak_boat":2,"minecraft:acacia_log":1,"minecraft:flint_and_steel":11,"minecraft:trial_key":7,"minecraft:cooked_chicken":10,"minecraft:netherrack":169,"minecraft:oak_door":2,"minecraft:torch":1164,"minecraft:dirt":91,"minecraft:spyglass":137,"minecraft:anvil":1,"minecraft:granite":10,"minecraft:wooden_axe":9,"minecraft:bookshelf":2,"minecraft:iron_axe":531,"minecraft:barrel":1,"minecraft:beef":3,"minecraft:soul_soil":1,"minecraft:netherite_pickaxe":985,"minecraft:cooked_beef":16,"minecraft:cobbled_deepslate":882,"minecraft:acacia_planks":149,"minecraft:wheat_seeds":1,"minecraft:cooked_mutton":26,"minecraft:water_bucket":194,"minecraft:acacia_boat":2,"minecraft:amethyst_block":48,"minecraft:rabbit":7,"minecraft:birch_planks":1,"minecraft:baked_potato":33,"minecraft:cartography_table":1,"minecraft:waxed_oxidized_cut_copper":1,"minecraft:waxed_copper_block":2,"minecraft:diamond_block":2,"minecraft:tnt":12,"minecraft:crafting_table":18,"minecraft:white_bed":8,"minecraft:cod":1,"minecraft:cornflower":2,"minecraft:diamond_pickaxe":7531,"minecraft:apple":1,"minecraft:iron_pickaxe":757,"minecraft:map":2,"minecraft:stone_axe":444,"minecraft:fishing_rod":11,"minecraft:cobblestone":559,"minecraft:potion":1,"minecraft:porkchop":10,"minecraft:white_banner":4,"minecraft:cooked_porkchop":104,"minecraft:bucket":215},"minecraft:crafted":{"minecraft:red_stained_glass_pane":16,"minecraft:oak_planks":406,"minecraft:barrel":1,"minecraft:cooked_chicken":3,"minecraft:bookshelf":2,"minecraft:cooked_mutton":37,"minecraft:glass":64,"minecraft:diamond_helmet":4,"minecraft:diamond_leggings":3,"minecraft:iron_boots":6,"minecraft:chest":31,"minecraft:cooked_rabbit":1,"minecraft:oak_slab":6,"minecraft:item_frame":1,"minecraft:cooked_porkchop":95,"minecraft:crafting_table":12,"minecraft:iron_helmet":6,"minecraft:baked_potato":72,"minecraft:copper_ingot":84,"minecraft:birch_planks":96,"minecraft:tnt":12,"minecraft:paper":3,"minecraft:iron_chestplate":4,"minecraft:diamond_pickaxe":7,"minecraft:yellow_dye":10,"minecraft:shield":7,"minecraft:stick":396,"minecraft:iron_ingot":538,"minecraft:compass":2,"minecraft:iron_pickaxe":5,"minecraft:iron_block":3,"minecraft:acacia_door":3,"minecraft:gold_ingot":191,"minecraft:netherite_ingot":1,"minecraft:wooden_sword":2,"minecraft:iron_nugget":82,"minecraft:spyglass":2,"minecraft:diamond_hoe":1,"minecraft:furnace":6,"minecraft:bone_meal":3,"minecraft:glass_pane":16,"minecraft:diamond_block":1,"minecraft:lantern":8,"minecraft:diamond":9,"minecraft:iron_axe":3,"minecraft:stone_pickaxe":1,"minecraft:diamond_boots":3,"minecraft:netherite_scrap":3,"minecraft:wheat":243,"minecraft:cooked_beef":16,"minecraft:red_dye":6,"minecraft:diamond_sword":4,"minecraft:spruce_sign":3,"minecraft:iron_sword":5,"minecraft:bucket":2,"minecraft:stone_axe":5,"minecraft:acacia_boat":2,"minecraft:bread":78,"minecraft:oak_boat":1,"minecraft:red_stained_glass":32,"minecraft:golden_apple":3,"minecraft:wooden_axe":2,"minecraft:iron_shovel":2,"minecraft:iron_leggings":5,"minecraft:anvil":1,"minecraft:white_bed":1,"minecraft:acacia_planks":480,"minecraft:torch":988,"minecraft:diamond_chestplate":2},"minecraft:dropped":{"minecraft:guster_pottery_sherd":1,"minecraft:acacia_boat":1,"minecraft:iron_sword":8,"minecraft:soul_sand":1,"minecraft:birch_planks":5,"minecraft:brown_mushroom":1,"minecraft:porkchop":4,"minecraft:cooked_beef":4,"minecraft:glow_ink_sac":7,"minecraft:diamond":10,"minecraft:crafting_table":2,"minecraft:weeping_vines":5,"minecraft:glow_berries":3,"minecraft:leather":3,"minecraft:iron_horse_armor":1,"minecraft:saddle":1,"minecraft:birch_slab":1,"minecraft:flint":6,"minecraft:dirt":239,"minecraft:cornflower":1,"minecraft:snowball":6,"minecraft:amethyst_shard":74,"minecraft:iron_pickaxe":5,"minecraft:fishing_rod":1,"minecraft:white_wool":1,"minecraft:bone":19,"minecraft:gold_ingot":5,"minecraft:gravel":49,"minecraft:blackstone":32,"minecraft:compass":4,"minecraft:spyglass":2,"minecraft:chiseled_tuff_bricks":4,"minecraft:cobbled_deepslate":40,"minecraft:obsidian":24,"minecraft:pointed_dripstone":5,"minecraft:rotten_flesh":86,"minecraft:oak_planks":21,"minecraft:white_bed":1,"minecraft:rabbit_hide":2,"minecraft:tipped_arrow":2,"minecraft:gunpowder":45,"minecraft:melon_seeds":2,"minecraft:lingering_potion":1,"minecraft:leather_boots":1,"minecraft:chest":1,"minecraft:leather_leggings":1,"minecraft:spruce_slab":9,"minecraft:arrow":6,"minecraft:warped_wart_block":1,"minecraft:netherrack":459,"minecraft:egg":3,"minecraft:enchanted_book":2,"minecraft:water_bucket":3,"minecraft:iron_ingot":159,"minecraft:bread":65,"minecraft:wheat_seeds":18,"minecraft:tnt":2,"minecraft:golden_horse_armor":2,"minecraft:dripstone_block":12,"minecraft:diamond_leggings":3,"minecraft:cobblestone":114,"minecraft:oak_fence":8,"minecraft:iron_helmet":6,"minecraft:amethyst_block":26,"minecraft:granite":50,"minecraft:copper_ingot":75,"minecraft:coal":120,"minecraft:golden_apple":1,"minecraft:stick":3,"minecraft:lava_bucket":1,"minecraft:diorite":51,"minecraft:torch":1,"minecraft:wooden_axe":1,"minecraft:nether_wart_block":9,"minecraft:waxed_oxidized_copper":1,"minecraft:diamond_helmet":2,"minecraft:potion":1,"minecraft:iron_leggings":6,"minecraft:white_banner":1,"minecraft:iron_axe":2,"minecraft:string":4,"minecraft:bucket":3,"minecraft:acacia_planks":132,"minecraft:redstone":52,"minecraft:dandelion":1,"minecraft:furnace":1,"minecraft:soul_soil":14,"minecraft:flow_pottery_sherd":1,"minecraft:stone_sword":3,"minecraft:tuff":13,"minecraft:raw_iron":10,"minecraft:iron_boots":4,"minecraft:iron_hoe":2,"minecraft:name_tag":4,"minecraft:filled_map":4,"minecraft:diamond_sword":4,"minecraft:shield":4,"minecraft:trial_key":1,"minecraft:diamond_chestplate":2,"minecraft:spruce_planks":1,"minecraft:iron_chestplate":4,"minecraft:diamond_pickaxe":3,"minecraft:andesite":10,"minecraft:oak_sapling":1,"minecraft:waxed_oxidized_cut_copper":4,"minecraft:spider_eye":6,"minecraft:diamond_boots":1,"minecraft:bow":5,"minecraft:raw_gold":14,"minecraft:calcite":3,"minecraft:black_wool":1,"minecraft:brick":1,"minecraft:waxed_oxidized_copper_trapdoor":1},"minecraft:picked_up":{"minecraft:iron_chestplate":7,"minecraft:wheat":166,"minecraft:flower_pot":1,"minecraft:lead":2,"minecraft:diamond_sword":9,"minecraft:oak_stairs":1,"minecraft:potion":2,"minecraft:enchanted_book":5,"minecraft:gilded_blackstone":9,"minecraft:golden_sword":2,"minecraft:amethyst_block":194,"minecraft:string":148,"minecraft:waxed_cut_copper_slab":3,"minecraft:soul_soil":49,"minecraft:raw_copper":15,"minecraft:iron_leggings":6,"minecraft:shroomlight":1,"minecraft:diamond_leggings":6,"minecraft:gold_nugget":232,"minecraft:cobbled_deepslate":2211,"minecraft:bucket":5,"minecraft:spruce_planks":50,"minecraft:trial_key":8,"minecraft:calcite":12,"minecraft:iron_pickaxe":7,"minecraft:iron_boots":4,"minecraft:furnace":10,"minecraft:golden_helmet":1,"minecraft:tipped_arrow":9,"minecraft:stick":60,"minecraft:oak_fence":11,"minecraft:torch":473,"minecraft:acacia_log":128,"minecraft:porkchop":126,"minecraft:waxed_weathered_copper_bulb":3,"minecraft:waxed_copper_grate":3,"minecraft:pointed_dripstone":5,"minecraft:diorite":83,"minecraft:stone_sword":4,"minecraft:rotten_flesh":161,"minecraft:armadillo_scute":1,"minecraft:mangrove_roots":1,"minecraft:waxed_cut_copper":1,"minecraft:blaze_rod":18,"minecraft:obsidian":77,"minecraft:cod":2,"minecraft:snowball":21,"minecraft:cobblestone":986,"minecraft:birch_log":42,"minecraft:leather_chestplate":1,"minecraft:magma_cream":6,"minecraft:feather":5,"minecraft:cooked_beef":4,"minecraft:birch_slab":1,"minecraft:water_bucket":7,"minecraft:andesite":47,"minecraft:potato":90,"minecraft:flint":23,"minecraft:tuff":271,"minecraft:acacia_boat":1,"minecraft:lapis_lazuli":417,"minecraft:dirt":394,"minecraft:lantern":13,"minecraft:name_tag":4,"minecraft:bone":185,"minecraft:acacia_planks":347,"minecraft:bow":14,"minecraft:wheat_seeds":38,"minecraft:raw_gold":309,"minecraft:bolt_armor_trim_smithing_template":3,"minecraft:rabbit":7,"minecraft:diamond_helmet":3,"minecraft:glowstone_dust":208,"minecraft:oak_planks":131,"minecraft:scrape_pottery_sherd":1,"minecraft:chiseled_polished_blackstone":2,"minecraft:cooked_porkchop":110,"minecraft:warped_wart_block":1,"minecraft:sand":130,"minecraft:nether_brick_stairs":3,"minecraft:diamond_block":4,"minecraft:iron_hoe":2,"minecraft:dispenser":1,"minecraft:diamond":243,"minecraft:waxed_oxidized_copper_grate":3,"minecraft:cracked_polished_blackstone_bricks":3,"minecraft:granite":60,"minecraft:crossbow":2,"minecraft:breeze_rod":10,"minecraft:golden_apple":6,"minecraft:emerald":25,"minecraft:golden_horse_armor":2,"minecraft:bread":402,"minecraft:music_disc_precipice":1,"minecraft:oak_sapling":2,"minecraft:light_gray_carpet":1,"minecraft:netherrack":2400,"minecraft:diamond_pickaxe":9,"minecraft:fishing_rod":1,"minecraft:waxed_oxidized_cut_copper":5,"minecraft:lingering_potion":1,"minecraft:mud":4,"minecraft:crafting_table":8,"minecraft:ominous_bottle":1,"minecraft:chicken":3,"minecraft:nether_wart":64,"minecraft:golden_pickaxe":1,"minecraft:leather_leggings":1,"minecraft:brown_mushroom":1,"minecraft:gold_block":3,"minecraft:brick":27,"minecraft:shield":9,"minecraft:cornflower":3,"minecraft:iron_axe":5,"minecraft:acacia_door":1,"minecraft:flint_and_steel":1,"minecraft:item_frame":2,"minecraft:compass":3,"minecraft:iron_shovel":2,"minecraft:blackstone":140,"minecraft:cartography_table":1,"minecraft:beef":23,"minecraft:oak_boat":2,"minecraft:lectern":27,"minecraft:iron_nugget":4,"minecraft:poppy":6,"minecraft:spruce_slab":11,"minecraft:sugar_cane":55,"minecraft:chest":13,"minecraft:birch_sapling":1,"minecraft:waxed_oxidized_copper":1,"minecraft:egg":10,"minecraft:raw_iron":816,"minecraft:oak_door":2,"minecraft:copper_ingot":64,"minecraft:polished_blackstone_bricks":14,"minecraft:flow_pottery_sherd":2,"minecraft:trident":1,"minecraft:carrot":4,"minecraft:redstone":62,"minecraft:netherite_pickaxe":1,"minecraft:tnt":2,"minecraft:arrow":378,"minecraft:weeping_vines":5,"minecraft:diamond_chestplate":6,"minecraft:decorated_pot":5,"minecraft:nether_bricks":30,"minecraft:diamond_boots":4,"minecraft:hay_block":30,"minecraft:gold_ingot":3,"minecraft:tuff_bricks":38,"minecraft:mutton":49,"minecraft:bone_block":74,"minecraft:rail":10,"minecraft:white_wool":23,"minecraft:golden_carrot":7,"minecraft:glow_ink_sac":24,"minecraft:salmon":2,"minecraft:leather":14,"minecraft:filled_map":4,"minecraft:birch_planks":86,"minecraft:waxed_copper_bulb":9,"minecraft:oak_log":144,"minecraft:waxed_copper_block":17,"minecraft:ancient_debris":3,"minecraft:golden_boots":2,"minecraft:nether_wart_block":11,"minecraft:gunpowder":75,"minecraft:white_banner":4,"minecraft:cooked_mutton":20,"minecraft:rabbit_hide":3,"minecraft:iron_ingot":277,"minecraft:stone_pickaxe":3,"minecraft:cooked_chicken":5,"minecraft:iron_sword":7,"minecraft:soul_sand":108,"minecraft:book":18,"minecraft:smooth_basalt":5,"minecraft:dandelion":11,"minecraft:quartz":342,"minecraft:spyglass":6,"minecraft:dripstone_block":14,"minecraft:gravel":241,"minecraft:lava_bucket":1,"minecraft:amethyst_shard":148,"minecraft:white_bed":8,"minecraft:crying_obsidian":4,"minecraft:spider_eye":23,"minecraft:polished_tuff":3,"minecraft:leather_helmet":1,"minecraft:iron_helmet":6,"minecraft:gray_wool":1,"minecraft:oak_button":1,"minecraft:baked_potato":12,"minecraft:black_wool":2,"minecraft:mangrove_propagule":1,"minecraft:coal":805,"minecraft:chiseled_tuff_bricks":5,"minecraft:ender_pearl":2},"minecraft:killed":{"minecraft:cave_spider":8,"minecraft:spider":56,"minecraft:skeleton":140,"minecraft:chicken":3,"minecraft:piglin_brute":1,"minecraft:magma_cube":5,"minecraft:piglin":12,"minecraft:pig":58,"minecraft:zombie_villager":4,"minecraft:iron_golem":1,"minecraft:creeper":15,"minecraft:sheep":33,"minecraft:trader_llama":2,"minecraft:zombie":146,"minecraft:stray":2,"minecraft:blaze":19,"minecraft:cow":11,"minecraft:drowned":3,"minecraft:rabbit":7,"minecraft:wandering_trader":1,"minecraft:frog":1,"minecraft:breeze":4,"minecraft:wither_skeleton":3,"minecraft:villager":2,"minecraft:enderman":1}},"DataVersion":3953}