{"stats":{"minecraft:picked_up":{"minecraft:iron_chestplate":8,"minecraft:flower_pot":3,"minecraft:lead":4,"minecraft:diamond_sword":14,"minecraft:oak_stairs":1,"minecraft:enchanted_book":6,"minecraft:golden_sword":3,"minecraft:amethyst_block":267,"minecraft:string":273,"minecraft:soul_soil":76,"minecraft:shroomlight":1,"minecraft:beetroot":1,"minecraft:diamond_leggings":7,"minecraft:gold_nugget":389,"minecraft:cobbled_deepslate":3180,"minecraft:spruce_planks":50,"minecraft:trial_key":31,"minecraft:golden_helmet":1,"minecraft:acacia_log":128,"minecraft:waxed_weathered_copper_bulb":3,"minecraft:waxed_copper_grate":5,"minecraft:rabbit_foot":2,"minecraft:stone_sword":5,"minecraft:armadillo_scute":1,"minecraft:waxed_cut_copper":1,"minecraft:blaze_rod":31,"minecraft:snowball":202,"minecraft:birch_log":102,"minecraft:magma_block":252,"minecraft:feather":13,"minecraft:cooked_beef":34,"minecraft:birch_slab":1,"minecraft:water_bucket":9,"minecraft:brown_wool":2,"minecraft:flint":26,"minecraft:lantern":13,"minecraft:guster_banner_pattern":1,"minecraft:rabbit":8,"minecraft:diamond_helmet":5,"minecraft:glowstone_dust":209,"minecraft:chiseled_polished_blackstone":2,"minecraft:warped_wart_block":1,"minecraft:iron_hoe":2,"minecraft:dispenser":1,"minecraft:granite":75,"minecraft:golden_horse_armor":3,"minecraft:bread":446,"minecraft:music_disc_precipice":2,"minecraft:light_gray_carpet":1,"minecraft:diamond_pickaxe":10,"minecraft:mud":4,"minecraft:crafting_table":15,"minecraft:ominous_bottle":2,"minecraft:nether_wart":64,"minecraft:leather_leggings":1,"minecraft:golden_pickaxe":1,"minecraft:wind_charge":3,"minecraft:cornflower":3,"minecraft:acacia_door":1,"minecraft:flint_and_steel":1,"minecraft:compass":3,"minecraft:iron_shovel":2,"minecraft:cartography_table":1,"minecraft:netherite_sword":1,"minecraft:beef":75,"minecraft:chiseled_tuff":1,"minecraft:spruce_slab":11,"minecraft:iron_nugget":4,"minecraft:poppy":7,"minecraft:guster_pottery_sherd":2,"minecraft:chest":27,"minecraft:birch_sapling":2,"minecraft:waxed_oxidized_copper":2,"minecraft:egg":16,"minecraft:oak_door":8,"minecraft:flow_pottery_sherd":3,"minecraft:carrot":24,"minecraft:redstone":178,"minecraft:netherite_pickaxe":4,"minecraft:tnt":3,"minecraft:diamond_chestplate":8,"minecraft:decorated_pot":15,"minecraft:beetroot_seeds":4,"minecraft:peony":3,"minecraft:diamond_boots":6,"minecraft:hay_block":50,"minecraft:gold_ingot":3,"minecraft:tuff_bricks":62,"minecraft:glow_berries":1,"minecraft:mutton":86,"minecraft:white_wool":69,"minecraft:bone_block":158,"minecraft:rail":10,"minecraft:oxeye_daisy":1,"minecraft:red_mushroom":2,"minecraft:filled_map":4,"minecraft:oak_log":369,"minecraft:ancient_debris":9,"minecraft:golden_boots":2,"minecraft:white_banner":4,"minecraft:stone_pickaxe":3,"minecraft:iron_sword":9,"minecraft:smooth_basalt":5,"minecraft:sweet_berries":20,"minecraft:spyglass":6,"minecraft:gravel":330,"minecraft:spruce_sapling":1,"minecraft:spruce_log":5,"minecraft:crying_obsidian":4,"minecraft:polished_tuff":3,"minecraft:leather_helmet":1,"minecraft:slime_ball":2,"minecraft:gray_wool":4,"minecraft:oak_button":1,"minecraft:baked_potato":38,"minecraft:mangrove_propagule":1,"minecraft:hopper":3,"minecraft:ender_pearl":6,"minecraft:wheat":327,"minecraft:nether_brick_fence":1,"minecraft:potion":5,"minecraft:gilded_blackstone":13,"minecraft:waxed_cut_copper_slab":3,"minecraft:raw_copper":37,"minecraft:iron_leggings":6,"minecraft:bucket":5,"minecraft:calcite":18,"minecraft:iron_pickaxe":7,"minecraft:iron_boots":4,"minecraft:furnace":10,"minecraft:tipped_arrow":55,"minecraft:stick":61,"minecraft:oak_fence":17,"minecraft:torch":649,"minecraft:porkchop":149,"minecraft:pointed_dripstone":5,"minecraft:diorite":97,"minecraft:rotten_flesh":452,"minecraft:mangrove_roots":1,"minecraft:obsidian":79,"minecraft:cod":2,"minecraft:cobblestone":2708,"minecraft:leather_chestplate":1,"minecraft:magma_cream":14,"minecraft:andesite":52,"minecraft:potato":265,"minecraft:tuff":378,"minecraft:acacia_boat":1,"minecraft:dirt":580,"minecraft:lapis_lazuli":744,"minecraft:name_tag":4,"minecraft:bone":2641,"minecraft:acacia_planks":347,"minecraft:bow":168,"minecraft:wheat_seeds":476,"minecraft:raw_gold":440,"minecraft:bolt_armor_trim_smithing_template":3,"minecraft:scrape_pottery_sherd":1,"minecraft:oak_planks":157,"minecraft:ghast_tear":1,"minecraft:cooked_porkchop":149,"minecraft:poisonous_potato":2,"minecraft:sand":130,"minecraft:nether_brick_stairs":3,"minecraft:dead_bush":1,"minecraft:grass_block":1,"minecraft:diamond_block":4,"minecraft:diamond":618,"minecraft:waxed_oxidized_copper_grate":5,"minecraft:cracked_polished_blackstone_bricks":3,"minecraft:crossbow":3,"minecraft:breeze_rod":40,"minecraft:bone_meal":81,"minecraft:golden_apple":9,"minecraft:white_concrete":1,"minecraft:emerald":57,"minecraft:oak_sapling":3,"minecraft:netherrack":5893,"minecraft:lingering_potion":1,"minecraft:fishing_rod":1,"minecraft:waxed_oxidized_cut_copper":5,"minecraft:chicken":8,"minecraft:brown_mushroom":1,"minecraft:wooden_pickaxe":1,"minecraft:gold_block":4,"minecraft:brick":106,"minecraft:shield":11,"minecraft:oak_trapdoor":9,"minecraft:iron_axe":6,"minecraft:item_frame":2,"minecraft:blackstone":157,"minecraft:oak_boat":5,"minecraft:light_gray_wool":3,"minecraft:lectern":27,"minecraft:sugar_cane":301,"minecraft:spruce_trapdoor":4,"minecraft:phantom_membrane":2,"minecraft:raw_iron":1107,"minecraft:copper_ingot":64,"minecraft:polished_blackstone_bricks":19,"minecraft:trident":1,"minecraft:weeping_vines":5,"minecraft:arrow":2794,"minecraft:nether_bricks":34,"minecraft:basalt":44,"minecraft:golden_carrot":42,"minecraft:glow_ink_sac":30,"minecraft:salmon":2,"minecraft:leather":50,"minecraft:birch_planks":87,"minecraft:waxed_copper_bulb":9,"minecraft:waxed_copper_block":17,"minecraft:nether_wart_block":12,"minecraft:gunpowder":104,"minecraft:cobblestone_stairs":1,"minecraft:cooked_mutton":117,"minecraft:rabbit_hide":3,"minecraft:iron_ingot":292,"minecraft:cooked_chicken":14,"minecraft:soul_sand":177,"minecraft:book":18,"minecraft:oak_slab":5,"minecraft:pumpkin":1,"minecraft:birch_boat":5,"minecraft:quartz":730,"minecraft:dandelion":13,"minecraft:dripstone_block":14,"minecraft:raw_iron_block":2,"minecraft:lava_bucket":1,"minecraft:amethyst_shard":184,"minecraft:blast_furnace":2,"minecraft:white_bed":17,"minecraft:spider_eye":55,"minecraft:iron_helmet":6,"minecraft:black_wool":5,"minecraft:chiseled_tuff_bricks":10,"minecraft:coal":1244},"minecraft:crafted":{"minecraft:red_stained_glass_pane":16,"minecraft:smooth_stone":1,"minecraft:birch_boat":1,"minecraft:diamond_shovel":1,"minecraft:bookshelf":2,"minecraft:cooked_mutton":62,"minecraft:glass":64,"minecraft:quartz_block":90,"minecraft:diamond_helmet":6,"minecraft:diamond_leggings":6,"minecraft:cooked_rabbit":2,"minecraft:cooked_porkchop":105,"minecraft:diamond_axe":1,"minecraft:cobbled_deepslate_wall":6,"minecraft:copper_ingot":84,"minecraft:compass":2,"minecraft:iron_pickaxe":6,"minecraft:iron_block":9,"minecraft:gold_ingot":272,"minecraft:acacia_door":3,"minecraft:netherite_ingot":8,"minecraft:iron_nugget":82,"minecraft:spyglass":2,"minecraft:diamond_hoe":1,"minecraft:bone_meal":3273,"minecraft:polished_tuff":4,"minecraft:lantern":8,"minecraft:diamond":9,"minecraft:stone_pickaxe":4,"minecraft:diamond_boots":5,"minecraft:wheat":423,"minecraft:netherite_pickaxe":1,"minecraft:red_stained_glass":32,"minecraft:golden_apple":3,"minecraft:wooden_axe":4,"minecraft:iron_shovel":2,"minecraft:iron_leggings":6,"minecraft:white_bed":26,"minecraft:oak_planks":1246,"minecraft:cobblestone_slab":6,"minecraft:barrel":1,"minecraft:cooked_chicken":4,"minecraft:hopper":4,"minecraft:iron_boots":7,"minecraft:polished_basalt":44,"minecraft:chest":44,"minecraft:netherite_upgrade_smithing_template":28,"minecraft:oak_slab":6,"minecraft:item_frame":1,"minecraft:crafting_table":19,"minecraft:spruce_planks":16,"minecraft:wooden_pickaxe":4,"minecraft:baked_potato":192,"minecraft:iron_helmet":7,"minecraft:birch_planks":148,"minecraft:pumpkin_seeds":4,"minecraft:tnt":14,"minecraft:spruce_trapdoor":4,"minecraft:iron_chestplate":5,"minecraft:paper":3,"minecraft:diamond_pickaxe":11,"minecraft:yellow_dye":10,"minecraft:shield":12,"minecraft:stick":680,"minecraft:iron_ingot":761,"minecraft:stone_sword":3,"minecraft:snow_block":36,"minecraft:black_bed":1,"minecraft:wooden_sword":2,"minecraft:oak_door":3,"minecraft:raw_iron":18,"minecraft:furnace":8,"minecraft:oak_trapdoor":80,"minecraft:diamond_block":1,"minecraft:glass_pane":16,"minecraft:iron_axe":4,"minecraft:netherite_scrap":30,"minecraft:cooked_beef":59,"minecraft:red_dye":6,"minecraft:bone_block":205,"minecraft:diamond_sword":11,"minecraft:spruce_sign":3,"minecraft:iron_sword":7,"minecraft:bucket":9,"minecraft:stone_axe":5,"minecraft:bread":195,"minecraft:acacia_boat":2,"minecraft:oak_boat":5,"minecraft:white_dye":64,"minecraft:anvil":3,"minecraft:acacia_planks":480,"minecraft:torch":1576,"minecraft:diamond_chestplate":4},"minecraft:custom":{"minecraft:interact_with_crafting_table":302,"minecraft:open_barrel":28,"minecraft:bell_ring":27,"minecraft:eat_cake_slice":2,"minecraft:leave_game":44,"minecraft:time_since_death":442974,"minecraft:damage_blocked_by_shield":25077,"minecraft:play_time":3206490,"minecraft:deaths":24,"minecraft:jump":55021,"minecraft:enchant_item":22,"minecraft:interact_with_furnace":266,"minecraft:interact_with_cartography_table":4,"minecraft:sleep_in_bed":33,"minecraft:damage_dealt":211982,"minecraft:interact_with_smoker":62,"minecraft:use_cauldron":9,"minecraft:inspect_dispenser":27,"minecraft:horse_one_cm":45746,"minecraft:interact_with_smithing_table":3,"minecraft:interact_with_anvil":53,"minecraft:inspect_hopper":9,"minecraft:sneak_time":64801,"minecraft:interact_with_blast_furnace":72,"minecraft:total_world_time":3206490,"minecraft:time_since_rest":60246,"minecraft:swim_one_cm":340181,"minecraft:fly_one_cm":9285078,"minecraft:open_chest":1263,"minecraft:fish_caught":4,"minecraft:fall_one_cm":1213933,"minecraft:animals_bred":1,"minecraft:sprint_one_cm":11631416,"minecraft:drop":1428,"minecraft:talked_to_villager":54,"minecraft:interact_with_brewingstand":3,"minecraft:walk_on_water_one_cm":511397,"minecraft:player_kills":2,"minecraft:crouch_one_cm":136140,"minecraft:mob_kills":3016,"minecraft:climb_one_cm":125953,"minecraft:walk_one_cm":8841880,"minecraft:walk_under_water_one_cm":436039,"minecraft:boat_one_cm":1031916,"minecraft:interact_with_grindstone":11,"minecraft:damage_taken":45811,"minecraft:damage_absorbed":311},"minecraft:broken":{"minecraft:diamond_pickaxe":2,"minecraft:wooden_sword":1,"minecraft:bow":1,"minecraft:shield":1,"minecraft:iron_pickaxe":3,"minecraft:golden_helmet":1,"minecraft:stone_pickaxe":1,"minecraft:diamond_boots":1,"minecraft:stone_axe":5},"minecraft:mined":{"minecraft:white_bed":8,"minecraft:obsidian":27,"minecraft:granite":45,"minecraft:chiseled_polished_blackstone":2,"minecraft:acacia_log":130,"minecraft:chiseled_tuff_bricks":10,"minecraft:hopper":3,"minecraft:crimson_fungus":1,"minecraft:nether_wart":41,"minecraft:spawner":17,"minecraft:polished_blackstone_bricks":12,"minecraft:magma_block":381,"minecraft:cobbled_deepslate":144,"minecraft:fire":472,"minecraft:pumpkin":1,"minecraft:deepslate_lapis_ore":54,"minecraft:nether_brick_stairs":2,"minecraft:sculk_shrieker":2,"minecraft:cave_vines":2,"minecraft:dirt_path":55,"minecraft:oak_stairs":1,"minecraft:small_amethyst_bud":7,"minecraft:crimson_nylium":11,"minecraft:soul_fire":40,"minecraft:amethyst_cluster":21,"minecraft:powder_snow":43,"minecraft:torch":105,"minecraft:blast_furnace":2,"minecraft:sugar_cane":31,"minecraft:amethyst_block":279,"minecraft:waxed_copper_bulb":11,"minecraft:mud":4,"minecraft:wheat":163,"minecraft:waxed_copper_block":22,"minecraft:smooth_basalt":6,"minecraft:deepslate":4062,"minecraft:suspicious_gravel":1,"minecraft:mossy_cobblestone":1,"minecraft:nether_bricks":67,"minecraft:crimson_roots":11,"minecraft:moss_block":1,"minecraft:cartography_table":1,"minecraft:red_mushroom":2,"minecraft:redstone_ore":15,"minecraft:waxed_oxidized_cut_copper":12,"minecraft:waxed_copper_grate":5,"minecraft:snow":176,"minecraft:andesite":85,"minecraft:diamond_block":2,"minecraft:chiseled_tuff":2,"minecraft:potatoes":75,"minecraft:rail":3,"minecraft:waxed_weathered_copper_bulb":3,"minecraft:bone_block":118,"minecraft:oak_slab":5,"minecraft:light_gray_carpet":2,"minecraft:soul_sand":109,"minecraft:dandelion":10,"minecraft:cornflower":2,"minecraft:short_grass":360,"minecraft:tall_grass":47,"minecraft:copper_ore":14,"minecraft:deepslate_gold_ore":269,"minecraft:diorite":115,"minecraft:warped_wart_block":1,"minecraft:white_carpet":1,"minecraft:spruce_log":7,"minecraft:birch_leaves":8,"minecraft:gravel":178,"minecraft:dripstone_block":19,"minecraft:cobweb":120,"minecraft:acacia_planks":58,"minecraft:gold_ore":34,"minecraft:waxed_cut_copper_slab":7,"minecraft:large_amethyst_bud":10,"minecraft:spruce_planks":51,"minecraft:sculk_vein":18,"minecraft:cave_vines_plant":1,"minecraft:budding_amethyst":25,"minecraft:grass_block":206,"minecraft:cracked_polished_blackstone_bricks":5,"minecraft:white_concrete":2,"minecraft:soul_soil":52,"minecraft:tuff_bricks":104,"minecraft:gilded_blackstone":11,"minecraft:raw_iron_block":3,"minecraft:glowstone":41,"minecraft:sculk_catalyst":2,"minecraft:iron_ore":479,"minecraft:pointed_dripstone":3,"minecraft:spruce_slab":9,"minecraft:waxed_cut_copper":4,"minecraft:deepslate_redstone_ore":16,"minecraft:blackstone":143,"minecraft:medium_amethyst_bud":5,"minecraft:calcite":28,"minecraft:poppy":6,"minecraft:chest":26,"minecraft:nether_quartz_ore":515,"minecraft:cobblestone":230,"minecraft:waxed_chiseled_copper":3,"minecraft:oak_planks":47,"minecraft:wall_torch":89,"minecraft:seagrass":1,"minecraft:warped_nylium":8,"minecraft:nether_wart_block":3,"minecraft:birch_log":85,"minecraft:tnt":2,"minecraft:oak_log":340,"minecraft:beetroots":1,"minecraft:waxed_oxidized_copper":4,"minecraft:acacia_fence":50,"minecraft:sand":70,"minecraft:dirt":218,"minecraft:dispenser":1,"minecraft:netherrack":7566,"minecraft:ancient_debris":9,"minecraft:oak_leaves":34,"minecraft:nether_gold_ore":67,"minecraft:diamond_ore":2,"minecraft:tuff":499,"minecraft:deepslate_diamond_ore":449,"minecraft:mangrove_roots":1,"minecraft:glow_lichen":3,"minecraft:ladder":9,"minecraft:decorated_pot":39,"minecraft:white_stained_glass":1,"minecraft:birch_slab":1,"minecraft:spruce_leaves":3,"minecraft:mangrove_propagule":1,"minecraft:sandstone":1,"minecraft:large_fern":1,"minecraft:hay_block":50,"minecraft:oak_trapdoor":9,"minecraft:furnace":7,"minecraft:carrots":9,"minecraft:peony":4,"minecraft:gold_block":4,"minecraft:nether_brick_fence":1,"minecraft:bookshelf":6,"minecraft:deepslate_iron_ore":495,"minecraft:shroomlight":1,"minecraft:lantern":13,"minecraft:stone":2585,"minecraft:acacia_leaves":3,"minecraft:basalt":49,"minecraft:oak_fence":5,"minecraft:crafting_table":12,"minecraft:sculk_sensor":12,"minecraft:lectern":27,"minecraft:deepslate_coal_ore":40,"minecraft:lapis_ore":34,"minecraft:sculk":531,"minecraft:birch_planks":26,"minecraft:waxed_oxidized_copper_grate":4,"minecraft:sweet_berry_bush":10,"minecraft:white_wall_banner":3,"minecraft:coal_ore":1063,"minecraft:flower_pot":2},"minecraft:killed":{"minecraft:cave_spider":21,"minecraft:skeleton":1892,"minecraft:chicken":11,"minecraft:magma_cube":11,"minecraft:iron_golem":1,"minecraft:zombie":420,"minecraft:glow_squid":1,"minecraft:cow":38,"minecraft:rabbit":8,"minecraft:wandering_trader":3,"minecraft:frog":1,"minecraft:breeze":8,"minecraft:enderman":6,"minecraft:zombified_piglin":1,"minecraft:witch":1,"minecraft:spider":132,"minecraft:piglin_brute":4,"minecraft:piglin":26,"minecraft:pig":75,"minecraft:zombie_villager":9,"minecraft:creeper":56,"minecraft:sheep":90,"minecraft:trader_llama":4,"minecraft:stray":11,"minecraft:ghast":2,"minecraft:blaze":27,"minecraft:bogged":40,"minecraft:slime":1,"minecraft:phantom":1,"minecraft:drowned":3,"minecraft:bat":1,"minecraft:hoglin":6,"minecraft:wither_skeleton":9,"minecraft:villager":3},"minecraft:used":{"minecraft:beetroot":1,"minecraft:tuff_bricks":22,"minecraft:chest":66,"minecraft:rotten_flesh":86,"minecraft:soul_sand":26,"minecraft:snowball":27,"minecraft:lava_bucket":28,"minecraft:grass_block":1,"minecraft:birch_sapling":1,"minecraft:red_stained_glass_pane":16,"minecraft:bow":1127,"minecraft:sweet_berries":20,"minecraft:oak_sapling":1,"minecraft:furnace":10,"minecraft:egg":9,"minecraft:potato":92,"minecraft:diorite":20,"minecraft:red_stained_glass":3,"minecraft:blackstone":3,"minecraft:wooden_pickaxe":58,"minecraft:golden_apple":14,"minecraft:glow_berries":17,"minecraft:blast_furnace":1,"minecraft:lectern":26,"minecraft:chiseled_tuff_bricks":1,"minecraft:diamond_sword":4692,"minecraft:wooden_sword":107,"minecraft:oak_boat":5,"minecraft:oak_trapdoor":73,"minecraft:stone_sword":65,"minecraft:acacia_log":1,"minecraft:trial_key":14,"minecraft:netherrack":1096,"minecraft:torch":1678,"minecraft:anvil":3,"minecraft:iron_axe":722,"minecraft:barrel":1,"minecraft:beef":12,"minecraft:acacia_planks":149,"minecraft:cobbled_deepslate":1549,"minecraft:calcite":2,"minecraft:wheat_seeds":163,"minecraft:water_bucket":391,"minecraft:rabbit":7,"minecraft:birch_planks":30,"minecraft:cartography_table":1,"minecraft:waxed_oxidized_cut_copper":1,"minecraft:polished_blackstone_bricks":1,"minecraft:diamond_block":2,"minecraft:tnt":15,"minecraft:oak_slab":1,"minecraft:crafting_table":27,"minecraft:white_bed":30,"minecraft:cod":1,"minecraft:cake":1,"minecraft:spruce_log":1,"minecraft:diamond_pickaxe":14141,"minecraft:cornflower":2,"minecraft:oxeye_daisy":1,"minecraft:diamond_shovel":361,"minecraft:iron_pickaxe":1131,"minecraft:cobblestone":2122,"minecraft:potion":1,"minecraft:porkchop":15,"minecraft:cooked_porkchop":139,"minecraft:dandelion":2,"minecraft:iron_shovel":107,"minecraft:diamond_hoe":564,"minecraft:shield":1045,"minecraft:iron_sword":1208,"minecraft:mutton":16,"minecraft:nether_bricks":1,"minecraft:carrot":23,"minecraft:tuff":220,"minecraft:lantern":10,"minecraft:item_frame":2,"minecraft:golden_sword":1,"minecraft:hay_block":3,"minecraft:stone_pickaxe":258,"minecraft:oak_planks":110,"minecraft:ender_pearl":4,"minecraft:diamond_axe":308,"minecraft:white_wool":4,"minecraft:lingering_potion":2,"minecraft:black_bed":1,"minecraft:acacia_door":2,"minecraft:bread":435,"minecraft:string":1,"minecraft:gravel":9,"minecraft:cooked_rabbit":2,"minecraft:andesite":30,"minecraft:bone_meal":44,"minecraft:golden_pickaxe":11,"minecraft:flint_and_steel":11,"minecraft:cooked_chicken":16,"minecraft:oak_door":9,"minecraft:dirt":218,"minecraft:spyglass":137,"minecraft:hopper":7,"minecraft:granite":10,"minecraft:wooden_axe":26,"minecraft:bookshelf":2,"minecraft:golden_carrot":21,"minecraft:soul_soil":7,"minecraft:netherite_pickaxe":5203,"minecraft:cooked_beef":87,"minecraft:cobbled_deepslate_wall":4,"minecraft:cooked_mutton":92,"minecraft:acacia_boat":2,"minecraft:amethyst_block":48,"minecraft:baked_potato":84,"minecraft:birch_boat":5,"minecraft:cobblestone_slab":6,"minecraft:waxed_copper_block":2,"minecraft:apple":1,"minecraft:chicken":4,"minecraft:map":2,"minecraft:stone_axe":444,"minecraft:fishing_rod":11,"minecraft:white_banner":4,"minecraft:bucket":425},"minecraft:dropped":{"minecraft:iron_sword":13,"minecraft:porkchop":4,"minecraft:lapis_lazuli":185,"minecraft:cooked_beef":6,"minecraft:glow_ink_sac":7,"minecraft:diamond":10,"minecraft:crafting_table":3,"minecraft:weeping_vines":5,"minecraft:glow_berries":4,"minecraft:saddle":1,"minecraft:red_mushroom":1,"minecraft:dirt":291,"minecraft:gold_nugget":4,"minecraft:bone_meal":251,"minecraft:iron_pickaxe":6,"minecraft:fishing_rod":1,"minecraft:white_wool":4,"minecraft:bone":797,"minecraft:oak_door":1,"minecraft:compass":4,"minecraft:sugar_cane":9,"minecraft:cobbled_deepslate":81,"minecraft:netherite_sword":1,"minecraft:wheat":4,"minecraft:obsidian":26,"minecraft:rotten_flesh":227,"minecraft:oak_planks":75,"minecraft:glowstone_dust":1,"minecraft:white_bed":1,"minecraft:rabbit_foot":2,"minecraft:tipped_arrow":28,"minecraft:leather_boots":1,"minecraft:leather_leggings":1,"minecraft:spruce_slab":9,"minecraft:chiseled_tuff":1,"minecraft:warped_wart_block":1,"minecraft:egg":5,"minecraft:iron_ingot":159,"minecraft:golden_boots":1,"minecraft:enchanted_book":2,"minecraft:netherite_pickaxe":2,"minecraft:wheat_seeds":28,"minecraft:tnt":2,"minecraft:golden_horse_armor":2,"minecraft:dripstone_block":12,"minecraft:cobbled_deepslate_wall":2,"minecraft:oak_fence":14,"minecraft:cobblestone":211,"minecraft:iron_helmet":6,"minecraft:granite":62,"minecraft:coal":126,"minecraft:golden_apple":1,"minecraft:lava_bucket":1,"minecraft:wooden_axe":1,"minecraft:diamond_helmet":2,"minecraft:potion":1,"minecraft:oak_stairs":1,"minecraft:white_banner":1,"minecraft:smooth_stone":1,"minecraft:string":22,"minecraft:acacia_planks":132,"minecraft:spruce_sapling":1,"minecraft:furnace":1,"minecraft:soul_soil":34,"minecraft:stone_sword":3,"minecraft:iron_boots":4,"minecraft:name_tag":4,"minecraft:nether_bricks":2,"minecraft:diamond_sword":8,"minecraft:spruce_trapdoor":8,"minecraft:spruce_planks":1,"minecraft:diamond_pickaxe":4,"minecraft:spider_eye":14,"minecraft:bow":138,"minecraft:magma_block":198,"minecraft:black_wool":1,"minecraft:waxed_oxidized_copper_trapdoor":1,"minecraft:guster_pottery_sherd":1,"minecraft:acacia_boat":1,"minecraft:soul_sand":57,"minecraft:brown_mushroom":1,"minecraft:birch_planks":11,"minecraft:baked_potato":29,"minecraft:leather":7,"minecraft:iron_horse_armor":1,"minecraft:birch_slab":1,"minecraft:flint":9,"minecraft:cobblestone_stairs":1,"minecraft:cornflower":1,"minecraft:snowball":16,"minecraft:amethyst_shard":74,"minecraft:gold_ingot":5,"minecraft:gravel":71,"minecraft:blackstone":47,"minecraft:spyglass":2,"minecraft:chiseled_tuff_bricks":7,"minecraft:pointed_dripstone":5,"minecraft:cooked_mutton":41,"minecraft:poppy":1,"minecraft:rabbit_hide":2,"minecraft:gunpowder":51,"minecraft:melon_seeds":2,"minecraft:lingering_potion":1,"minecraft:chest":1,"minecraft:arrow":219,"minecraft:quartz":11,"minecraft:netherrack":2277,"minecraft:water_bucket":3,"minecraft:bread":65,"minecraft:oak_slab":4,"minecraft:diamond_leggings":3,"minecraft:poisonous_potato":2,"minecraft:lead":2,"minecraft:amethyst_block":35,"minecraft:copper_ingot":75,"minecraft:stick":22,"minecraft:diorite":57,"minecraft:torch":193,"minecraft:nether_wart_block":9,"minecraft:brown_wool":1,"minecraft:waxed_oxidized_copper":1,"minecraft:iron_leggings":6,"minecraft:iron_axe":3,"minecraft:bucket":3,"minecraft:dandelion":1,"minecraft:redstone":168,"minecraft:tuff_bricks":10,"minecraft:oak_trapdoor":16,"minecraft:flow_pottery_sherd":1,"minecraft:raw_copper":18,"minecraft:guster_banner_pattern":1,"minecraft:tuff":13,"minecraft:raw_iron":23,"minecraft:light_gray_wool":1,"minecraft:iron_hoe":2,"minecraft:filled_map":4,"minecraft:shield":7,"minecraft:trial_key":1,"minecraft:diamond_chestplate":2,"minecraft:iron_chestplate":5,"minecraft:andesite":13,"minecraft:oak_boat":1,"minecraft:golden_leggings":1,"minecraft:oak_sapling":1,"minecraft:waxed_oxidized_cut_copper":4,"minecraft:diamond_boots":1,"minecraft:raw_gold":24,"minecraft:calcite":3,"minecraft:brick":1},"minecraft:killed_by":{"minecraft:piglin_brute":5,"minecraft:zombie":5,"minecraft:piglin":1,"minecraft:blaze":1,"minecraft:spider":1,"minecraft:skeleton":1}},"DataVersion":3953}