{"stats":{"minecraft:picked_up":{"minecraft:iron_chestplate":7,"minecraft:wheat":327,"minecraft:flower_pot":1,"minecraft:lead":2,"minecraft:diamond_sword":10,"minecraft:oak_stairs":1,"minecraft:enchanted_book":5,"minecraft:potion":2,"minecraft:gilded_blackstone":13,"minecraft:golden_sword":2,"minecraft:amethyst_block":194,"minecraft:string":221,"minecraft:waxed_cut_copper_slab":3,"minecraft:soul_soil":55,"minecraft:raw_copper":15,"minecraft:iron_leggings":6,"minecraft:shroomlight":1,"minecraft:beetroot":1,"minecraft:diamond_leggings":7,"minecraft:gold_nugget":232,"minecraft:cobbled_deepslate":2710,"minecraft:bucket":5,"minecraft:spruce_planks":50,"minecraft:trial_key":8,"minecraft:calcite":12,"minecraft:iron_pickaxe":7,"minecraft:iron_boots":4,"minecraft:furnace":10,"minecraft:golden_helmet":1,"minecraft:tipped_arrow":9,"minecraft:stick":61,"minecraft:oak_fence":17,"minecraft:torch":499,"minecraft:acacia_log":128,"minecraft:porkchop":146,"minecraft:waxed_weathered_copper_bulb":3,"minecraft:pointed_dripstone":5,"minecraft:waxed_copper_grate":3,"minecraft:diorite":94,"minecraft:rabbit_foot":2,"minecraft:stone_sword":5,"minecraft:rotten_flesh":266,"minecraft:armadillo_scute":1,"minecraft:mangrove_roots":1,"minecraft:waxed_cut_copper":1,"minecraft:blaze_rod":18,"minecraft:obsidian":77,"minecraft:snowball":49,"minecraft:cod":2,"minecraft:cobblestone":1297,"minecraft:birch_log":102,"minecraft:andesite":49,"minecraft:water_bucket":7,"minecraft:leather_chestplate":1,"minecraft:birch_slab":1,"minecraft:feather":9,"minecraft:cooked_beef":6,"minecraft:magma_cream":6,"minecraft:brown_wool":1,"minecraft:potato":98,"minecraft:flint":23,"minecraft:tuff":314,"minecraft:acacia_boat":1,"minecraft:lapis_lazuli":417,"minecraft:dirt":398,"minecraft:lantern":13,"minecraft:name_tag":4,"minecraft:bone":314,"minecraft:acacia_planks":347,"minecraft:bow":21,"minecraft:wheat_seeds":471,"minecraft:raw_gold":366,"minecraft:bolt_armor_trim_smithing_template":3,"minecraft:diamond_helmet":4,"minecraft:rabbit":8,"minecraft:glowstone_dust":208,"minecraft:oak_planks":135,"minecraft:scrape_pottery_sherd":1,"minecraft:cooked_porkchop":110,"minecraft:chiseled_polished_blackstone":2,"minecraft:warped_wart_block":1,"minecraft:sand":130,"minecraft:nether_brick_stairs":3,"minecraft:grass_block":1,"minecraft:diamond_block":4,"minecraft:iron_hoe":2,"minecraft:dispenser":1,"minecraft:bone_meal":81,"minecraft:diamond":406,"minecraft:waxed_oxidized_copper_grate":3,"minecraft:cracked_polished_blackstone_bricks":3,"minecraft:breeze_rod":10,"minecraft:crossbow":2,"minecraft:granite":71,"minecraft:golden_apple":9,"minecraft:bread":402,"minecraft:golden_horse_armor":2,"minecraft:emerald":25,"minecraft:music_disc_precipice":1,"minecraft:oak_sapling":3,"minecraft:light_gray_carpet":1,"minecraft:netherrack":3136,"minecraft:lingering_potion":1,"minecraft:waxed_oxidized_cut_copper":5,"minecraft:diamond_pickaxe":10,"minecraft:mud":4,"minecraft:fishing_rod":1,"minecraft:crafting_table":14,"minecraft:ominous_bottle":1,"minecraft:chicken":8,"minecraft:nether_wart":64,"minecraft:golden_pickaxe":1,"minecraft:leather_leggings":1,"minecraft:brown_mushroom":1,"minecraft:wooden_pickaxe":1,"minecraft:gold_block":4,"minecraft:shield":9,"minecraft:brick":27,"minecraft:cornflower":3,"minecraft:acacia_door":1,"minecraft:iron_axe":5,"minecraft:flint_and_steel":1,"minecraft:item_frame":2,"minecraft:compass":3,"minecraft:iron_shovel":2,"minecraft:blackstone":140,"minecraft:cartography_table":1,"minecraft:beef":70,"minecraft:oak_boat":4,"minecraft:iron_nugget":4,"minecraft:poppy":6,"minecraft:spruce_slab":11,"minecraft:sugar_cane":72,"minecraft:lectern":27,"minecraft:chest":13,"minecraft:birch_sapling":1,"minecraft:waxed_oxidized_copper":1,"minecraft:egg":13,"minecraft:raw_iron":882,"minecraft:oak_door":2,"minecraft:copper_ingot":64,"minecraft:polished_blackstone_bricks":19,"minecraft:flow_pottery_sherd":2,"minecraft:trident":1,"minecraft:carrot":22,"minecraft:redstone":62,"minecraft:netherite_pickaxe":1,"minecraft:tnt":3,"minecraft:arrow":498,"minecraft:weeping_vines":5,"minecraft:diamond_chestplate":7,"minecraft:beetroot_seeds":4,"minecraft:decorated_pot":5,"minecraft:peony":3,"minecraft:nether_bricks":30,"minecraft:diamond_boots":5,"minecraft:hay_block":43,"minecraft:gold_ingot":3,"minecraft:tuff_bricks":38,"minecraft:glow_berries":1,"minecraft:mutton":81,"minecraft:white_wool":39,"minecraft:bone_block":158,"minecraft:rail":10,"minecraft:golden_carrot":10,"minecraft:glow_ink_sac":26,"minecraft:salmon":2,"minecraft:leather":42,"minecraft:birch_planks":87,"minecraft:filled_map":4,"minecraft:waxed_copper_bulb":9,"minecraft:oak_log":270,"minecraft:waxed_copper_block":17,"minecraft:ancient_debris":5,"minecraft:golden_boots":2,"minecraft:nether_wart_block":11,"minecraft:gunpowder":84,"minecraft:white_banner":4,"minecraft:cooked_mutton":20,"minecraft:rabbit_hide":3,"minecraft:iron_ingot":279,"minecraft:stone_pickaxe":3,"minecraft:cooked_chicken":5,"minecraft:iron_sword":9,"minecraft:soul_sand":116,"minecraft:book":18,"minecraft:smooth_basalt":5,"minecraft:birch_boat":5,"minecraft:pumpkin":1,"minecraft:sweet_berries":20,"minecraft:dandelion":11,"minecraft:quartz":359,"minecraft:spyglass":6,"minecraft:raw_iron_block":2,"minecraft:dripstone_block":14,"minecraft:gravel":296,"minecraft:lava_bucket":1,"minecraft:amethyst_shard":148,"minecraft:blast_furnace":2,"minecraft:white_bed":8,"minecraft:crying_obsidian":4,"minecraft:spider_eye":27,"minecraft:polished_tuff":3,"minecraft:leather_helmet":1,"minecraft:slime_ball":2,"minecraft:iron_helmet":6,"minecraft:gray_wool":2,"minecraft:oak_button":1,"minecraft:baked_potato":12,"minecraft:black_wool":2,"minecraft:coal":1106,"minecraft:mangrove_propagule":1,"minecraft:chiseled_tuff_bricks":5,"minecraft:ender_pearl":3},"minecraft:used":{"minecraft:beetroot":1,"minecraft:tuff_bricks":22,"minecraft:iron_shovel":107,"minecraft:diamond_hoe":564,"minecraft:chest":43,"minecraft:shield":945,"minecraft:iron_sword":1208,"minecraft:rotten_flesh":62,"minecraft:soul_sand":18,"minecraft:mutton":14,"minecraft:carrot":21,"minecraft:tuff":220,"minecraft:snowball":27,"minecraft:lava_bucket":27,"minecraft:grass_block":1,"minecraft:lantern":10,"minecraft:birch_sapling":1,"minecraft:item_frame":2,"minecraft:golden_sword":1,"minecraft:red_stained_glass_pane":16,"minecraft:bow":420,"minecraft:hay_block":3,"minecraft:sweet_berries":20,"minecraft:oak_sapling":1,"minecraft:furnace":10,"minecraft:egg":7,"minecraft:potato":42,"minecraft:diorite":20,"minecraft:oak_planks":110,"minecraft:red_stained_glass":3,"minecraft:stone_pickaxe":258,"minecraft:blackstone":3,"minecraft:ender_pearl":2,"minecraft:wooden_pickaxe":58,"minecraft:golden_apple":11,"minecraft:glow_berries":14,"minecraft:blast_furnace":1,"minecraft:acacia_door":2,"minecraft:string":1,"minecraft:bread":386,"minecraft:lectern":26,"minecraft:gravel":6,"minecraft:chiseled_tuff_bricks":1,"minecraft:diamond_sword":2866,"minecraft:wooden_sword":107,"minecraft:cooked_rabbit":2,"minecraft:andesite":30,"minecraft:golden_pickaxe":11,"minecraft:oak_boat":4,"minecraft:bone_meal":44,"minecraft:stone_sword":65,"minecraft:acacia_log":1,"minecraft:flint_and_steel":11,"minecraft:trial_key":7,"minecraft:cooked_chicken":11,"minecraft:netherrack":478,"minecraft:oak_door":2,"minecraft:torch":1561,"minecraft:dirt":91,"minecraft:spyglass":137,"minecraft:anvil":2,"minecraft:granite":10,"minecraft:wooden_axe":26,"minecraft:bookshelf":2,"minecraft:iron_axe":722,"minecraft:barrel":1,"minecraft:beef":7,"minecraft:soul_soil":1,"minecraft:netherite_pickaxe":985,"minecraft:cooked_beef":49,"minecraft:cobbled_deepslate":1319,"minecraft:acacia_planks":149,"minecraft:wheat_seeds":163,"minecraft:cooked_mutton":39,"minecraft:water_bucket":267,"minecraft:acacia_boat":2,"minecraft:amethyst_block":48,"minecraft:rabbit":7,"minecraft:birch_planks":30,"minecraft:cartography_table":1,"minecraft:baked_potato":34,"minecraft:waxed_oxidized_cut_copper":1,"minecraft:birch_boat":5,"minecraft:waxed_copper_block":2,"minecraft:polished_blackstone_bricks":1,"minecraft:diamond_block":2,"minecraft:tnt":15,"minecraft:crafting_table":25,"minecraft:white_bed":17,"minecraft:cod":1,"minecraft:cornflower":2,"minecraft:diamond_pickaxe":9300,"minecraft:apple":1,"minecraft:chicken":4,"minecraft:iron_pickaxe":1131,"minecraft:map":2,"minecraft:stone_axe":444,"minecraft:fishing_rod":11,"minecraft:cobblestone":598,"minecraft:potion":1,"minecraft:porkchop":15,"minecraft:white_banner":4,"minecraft:cooked_porkchop":115,"minecraft:bucket":298},"minecraft:broken":{"minecraft:golden_helmet":1,"minecraft:stone_pickaxe":1,"minecraft:diamond_boots":1,"minecraft:diamond_pickaxe":2,"minecraft:wooden_sword":1,"minecraft:stone_axe":5,"minecraft:shield":1,"minecraft:iron_pickaxe":3},"minecraft:mined":{"minecraft:waxed_cut_copper_slab":7,"minecraft:large_amethyst_bud":7,"minecraft:spruce_planks":51,"minecraft:white_bed":7,"minecraft:sculk_vein":18,"minecraft:obsidian":25,"minecraft:cave_vines_plant":1,"minecraft:granite":42,"minecraft:budding_amethyst":15,"minecraft:chiseled_polished_blackstone":2,"minecraft:acacia_log":130,"minecraft:grass_block":135,"minecraft:cracked_polished_blackstone_bricks":5,"minecraft:soul_soil":45,"minecraft:chiseled_tuff_bricks":6,"minecraft:nether_wart":41,"minecraft:tuff_bricks":82,"minecraft:spawner":14,"minecraft:gilded_blackstone":11,"minecraft:polished_blackstone_bricks":12,"minecraft:raw_iron_block":3,"minecraft:magma_block":3,"minecraft:sculk_catalyst":2,"minecraft:glowstone":41,"minecraft:iron_ore":431,"minecraft:fire":196,"minecraft:cobbled_deepslate":118,"minecraft:pumpkin":1,"minecraft:deepslate_lapis_ore":32,"minecraft:nether_brick_stairs":2,"minecraft:sculk_shrieker":2,"minecraft:pointed_dripstone":3,"minecraft:cave_vines":2,"minecraft:dirt_path":35,"minecraft:small_amethyst_bud":4,"minecraft:oak_stairs":1,"minecraft:spruce_slab":9,"minecraft:waxed_cut_copper":4,"minecraft:deepslate_redstone_ore":3,"minecraft:blackstone":118,"minecraft:medium_amethyst_bud":3,"minecraft:soul_fire":15,"minecraft:amethyst_cluster":18,"minecraft:powder_snow":43,"minecraft:torch":62,"minecraft:blast_furnace":2,"minecraft:poppy":6,"minecraft:calcite":20,"minecraft:chest":12,"minecraft:nether_quartz_ore":247,"minecraft:cobblestone":64,"minecraft:oak_planks":24,"minecraft:sugar_cane":31,"minecraft:waxed_chiseled_copper":3,"minecraft:wall_torch":79,"minecraft:amethyst_block":199,"minecraft:seagrass":1,"minecraft:waxed_copper_bulb":11,"minecraft:nether_wart_block":2,"minecraft:mud":4,"minecraft:birch_log":85,"minecraft:wheat":163,"minecraft:waxed_copper_block":22,"minecraft:tnt":2,"minecraft:oak_log":240,"minecraft:beetroots":1,"minecraft:waxed_oxidized_copper":3,"minecraft:acacia_fence":50,"minecraft:sand":70,"minecraft:dirt":136,"minecraft:smooth_basalt":6,"minecraft:dispenser":1,"minecraft:ancient_debris":5,"minecraft:netherrack":2100,"minecraft:deepslate":3549,"minecraft:oak_leaves":20,"minecraft:suspicious_gravel":1,"minecraft:nether_gold_ore":29,"minecraft:diamond_ore":2,"minecraft:tuff":399,"minecraft:deepslate_diamond_ore":356,"minecraft:mangrove_roots":1,"minecraft:nether_bricks":67,"minecraft:glow_lichen":3,"minecraft:ladder":9,"minecraft:decorated_pot":13,"minecraft:white_stained_glass":1,"minecraft:birch_slab":1,"minecraft:spruce_leaves":1,"minecraft:cartography_table":1,"minecraft:sandstone":1,"minecraft:moss_block":1,"minecraft:mangrove_propagule":1,"minecraft:large_fern":1,"minecraft:hay_block":43,"minecraft:redstone_ore":2,"minecraft:waxed_oxidized_cut_copper":12,"minecraft:furnace":7,"minecraft:carrots":9,"minecraft:waxed_copper_grate":3,"minecraft:snow":6,"minecraft:andesite":78,"minecraft:diamond_block":2,"minecraft:gold_block":4,"minecraft:peony":4,"minecraft:chiseled_tuff":1,"minecraft:bookshelf":6,"minecraft:potatoes":27,"minecraft:shroomlight":1,"minecraft:deepslate_iron_ore":382,"minecraft:rail":2,"minecraft:lantern":13,"minecraft:waxed_weathered_copper_bulb":3,"minecraft:stone":1292,"minecraft:bone_block":118,"minecraft:light_gray_carpet":2,"minecraft:acacia_leaves":3,"minecraft:soul_sand":56,"minecraft:basalt":1,"minecraft:dandelion":10,"minecraft:oak_fence":5,"minecraft:crafting_table":11,"minecraft:cornflower":2,"minecraft:short_grass":334,"minecraft:sculk_sensor":12,"minecraft:lectern":27,"minecraft:copper_ore":7,"minecraft:tall_grass":45,"minecraft:deepslate_coal_ore":28,"minecraft:lapis_ore":20,"minecraft:deepslate_gold_ore":233,"minecraft:sculk":531,"minecraft:diorite":112,"minecraft:warped_wart_block":1,"minecraft:birch_planks":26,"minecraft:waxed_oxidized_copper_grate":4,"minecraft:sweet_berry_bush":10,"minecraft:white_carpet":1,"minecraft:birch_leaves":8,"minecraft:white_wall_banner":3,"minecraft:coal_ore":942,"minecraft:flower_pot":1,"minecraft:gravel":142,"minecraft:dripstone_block":19,"minecraft:cobweb":115,"minecraft:acacia_planks":58,"minecraft:gold_ore":34},"minecraft:dropped":{"minecraft:guster_pottery_sherd":1,"minecraft:acacia_boat":1,"minecraft:iron_sword":13,"minecraft:soul_sand":4,"minecraft:porkchop":4,"minecraft:brown_mushroom":1,"minecraft:birch_planks":11,"minecraft:lapis_lazuli":28,"minecraft:cooked_beef":6,"minecraft:glow_ink_sac":7,"minecraft:diamond":10,"minecraft:crafting_table":3,"minecraft:weeping_vines":5,"minecraft:glow_berries":4,"minecraft:leather":3,"minecraft:iron_horse_armor":1,"minecraft:saddle":1,"minecraft:birch_slab":1,"minecraft:flint":6,"minecraft:dirt":239,"minecraft:cornflower":1,"minecraft:snowball":6,"minecraft:amethyst_shard":74,"minecraft:bone_meal":243,"minecraft:iron_pickaxe":6,"minecraft:fishing_rod":1,"minecraft:white_wool":1,"minecraft:gold_ingot":5,"minecraft:bone":19,"minecraft:gravel":49,"minecraft:blackstone":32,"minecraft:compass":4,"minecraft:sugar_cane":9,"minecraft:spyglass":2,"minecraft:chiseled_tuff_bricks":4,"minecraft:cobbled_deepslate":40,"minecraft:wheat":1,"minecraft:obsidian":24,"minecraft:pointed_dripstone":5,"minecraft:rotten_flesh":99,"minecraft:oak_planks":22,"minecraft:white_bed":1,"minecraft:rabbit_foot":2,"minecraft:rabbit_hide":2,"minecraft:tipped_arrow":2,"minecraft:gunpowder":46,"minecraft:melon_seeds":2,"minecraft:lingering_potion":1,"minecraft:leather_boots":1,"minecraft:chest":1,"minecraft:leather_leggings":1,"minecraft:spruce_slab":9,"minecraft:arrow":6,"minecraft:warped_wart_block":1,"minecraft:netherrack":466,"minecraft:egg":4,"minecraft:enchanted_book":2,"minecraft:water_bucket":3,"minecraft:golden_boots":1,"minecraft:iron_ingot":159,"minecraft:bread":65,"minecraft:wheat_seeds":23,"minecraft:tnt":2,"minecraft:golden_horse_armor":2,"minecraft:dripstone_block":12,"minecraft:diamond_leggings":3,"minecraft:oak_fence":14,"minecraft:iron_helmet":6,"minecraft:cobblestone":182,"minecraft:amethyst_block":26,"minecraft:granite":60,"minecraft:copper_ingot":75,"minecraft:coal":126,"minecraft:golden_apple":1,"minecraft:stick":7,"minecraft:lava_bucket":1,"minecraft:diorite":55,"minecraft:torch":1,"minecraft:wooden_axe":1,"minecraft:nether_wart_block":9,"minecraft:waxed_oxidized_copper":1,"minecraft:diamond_helmet":2,"minecraft:potion":1,"minecraft:iron_leggings":6,"minecraft:oak_stairs":1,"minecraft:white_banner":1,"minecraft:iron_axe":3,"minecraft:smooth_stone":1,"minecraft:string":4,"minecraft:bucket":3,"minecraft:acacia_planks":132,"minecraft:redstone":52,"minecraft:dandelion":1,"minecraft:furnace":1,"minecraft:soul_soil":14,"minecraft:flow_pottery_sherd":1,"minecraft:stone_sword":3,"minecraft:tuff":13,"minecraft:raw_iron":10,"minecraft:iron_boots":4,"minecraft:iron_hoe":2,"minecraft:name_tag":4,"minecraft:filled_map":4,"minecraft:diamond_sword":5,"minecraft:shield":5,"minecraft:trial_key":1,"minecraft:diamond_chestplate":2,"minecraft:spruce_planks":1,"minecraft:diamond_pickaxe":4,"minecraft:iron_chestplate":5,"minecraft:andesite":10,"minecraft:golden_leggings":1,"minecraft:oak_sapling":1,"minecraft:waxed_oxidized_cut_copper":4,"minecraft:spider_eye":8,"minecraft:diamond_boots":1,"minecraft:bow":7,"minecraft:raw_gold":14,"minecraft:calcite":3,"minecraft:brick":1,"minecraft:black_wool":1,"minecraft:waxed_oxidized_copper_trapdoor":1},"minecraft:killed_by":{"minecraft:piglin_brute":5,"minecraft:blaze":1,"minecraft:zombie":5,"minecraft:spider":1,"minecraft:skeleton":1},"minecraft:custom":{"minecraft:animals_bred":1,"minecraft:interact_with_crafting_table":236,"minecraft:open_barrel":17,"minecraft:bell_ring":10,"minecraft:leave_game":35,"minecraft:time_since_death":395143,"minecraft:sprint_one_cm":8018249,"minecraft:damage_blocked_by_shield":21925,"minecraft:drop":386,"minecraft:talked_to_villager":53,"minecraft:play_time":2222574,"minecraft:deaths":20,"minecraft:jump":40882,"minecraft:interact_with_brewingstand":3,"minecraft:walk_on_water_one_cm":422287,"minecraft:interact_with_furnace":237,"minecraft:interact_with_cartography_table":4,"minecraft:sleep_in_bed":27,"minecraft:damage_dealt":131120,"minecraft:player_kills":1,"minecraft:crouch_one_cm":106032,"minecraft:inspect_dispenser":16,"minecraft:horse_one_cm":45746,"minecraft:interact_with_smoker":32,"minecraft:use_cauldron":6,"minecraft:interact_with_anvil":27,"minecraft:mob_kills":948,"minecraft:climb_one_cm":33417,"minecraft:walk_one_cm":5996121,"minecraft:sneak_time":49522,"minecraft:walk_under_water_one_cm":203104,"minecraft:boat_one_cm":1025572,"minecraft:interact_with_blast_furnace":51,"minecraft:total_world_time":2222574,"minecraft:time_since_rest":107402,"minecraft:damage_taken":34174,"minecraft:damage_absorbed":231,"minecraft:swim_one_cm":300682,"minecraft:fly_one_cm":7016707,"minecraft:open_chest":900,"minecraft:fall_one_cm":937587,"minecraft:fish_caught":4},"minecraft:killed":{"minecraft:cave_spider":10,"minecraft:spider":90,"minecraft:skeleton":268,"minecraft:chicken":8,"minecraft:piglin_brute":4,"minecraft:magma_cube":5,"minecraft:piglin":15,"minecraft:pig":67,"minecraft:zombie_villager":5,"minecraft:iron_golem":1,"minecraft:creeper":30,"minecraft:sheep":52,"minecraft:trader_llama":2,"minecraft:zombie":264,"minecraft:stray":2,"minecraft:blaze":19,"minecraft:cow":34,"minecraft:slime":1,"minecraft:drowned":3,"minecraft:rabbit":8,"minecraft:wandering_trader":1,"minecraft:frog":1,"minecraft:breeze":4,"minecraft:wither_skeleton":3,"minecraft:villager":3,"minecraft:enderman":2},"minecraft:crafted":{"minecraft:red_stained_glass_pane":16,"minecraft:smooth_stone":1,"minecraft:oak_planks":686,"minecraft:barrel":1,"minecraft:birch_boat":1,"minecraft:cooked_chicken":4,"minecraft:bookshelf":2,"minecraft:cooked_mutton":59,"minecraft:quartz_block":44,"minecraft:glass":64,"minecraft:diamond_helmet":5,"minecraft:diamond_leggings":4,"minecraft:iron_boots":7,"minecraft:chest":31,"minecraft:cooked_rabbit":2,"minecraft:item_frame":1,"minecraft:oak_slab":6,"minecraft:cooked_porkchop":105,"minecraft:crafting_table":18,"minecraft:wooden_pickaxe":4,"minecraft:iron_helmet":7,"minecraft:baked_potato":73,"minecraft:copper_ingot":84,"minecraft:pumpkin_seeds":4,"minecraft:birch_planks":148,"minecraft:tnt":14,"minecraft:iron_chestplate":5,"minecraft:paper":3,"minecraft:diamond_pickaxe":8,"minecraft:yellow_dye":10,"minecraft:shield":9,"minecraft:stick":504,"minecraft:iron_ingot":545,"minecraft:compass":2,"minecraft:iron_pickaxe":6,"minecraft:iron_block":6,"minecraft:stone_sword":3,"minecraft:acacia_door":3,"minecraft:gold_ingot":191,"minecraft:netherite_ingot":2,"minecraft:wooden_sword":2,"minecraft:raw_iron":18,"minecraft:iron_nugget":82,"minecraft:spyglass":2,"minecraft:diamond_hoe":1,"minecraft:furnace":8,"minecraft:bone_meal":795,"minecraft:polished_tuff":4,"minecraft:glass_pane":16,"minecraft:diamond_block":1,"minecraft:lantern":8,"minecraft:diamond":9,"minecraft:iron_axe":4,"minecraft:stone_pickaxe":4,"minecraft:diamond_boots":4,"minecraft:netherite_scrap":5,"minecraft:wheat":360,"minecraft:cooked_beef":59,"minecraft:red_dye":6,"minecraft:diamond_sword":6,"minecraft:spruce_sign":3,"minecraft:iron_sword":7,"minecraft:bucket":3,"minecraft:stone_axe":5,"minecraft:acacia_boat":2,"minecraft:bread":174,"minecraft:oak_boat":3,"minecraft:red_stained_glass":32,"minecraft:golden_apple":3,"minecraft:wooden_axe":4,"minecraft:iron_shovel":2,"minecraft:iron_leggings":6,"minecraft:anvil":2,"minecraft:white_bed":10,"minecraft:acacia_planks":480,"minecraft:torch":1284,"minecraft:diamond_chestplate":3}},"DataVersion":3953}