{"stats":{"minecraft:broken":{"minecraft:stone_pickaxe":1,"minecraft:diamond_boots":1,"minecraft:diamond_pickaxe":1,"minecraft:wooden_sword":1,"minecraft:stone_axe":5,"minecraft:shield":1,"minecraft:iron_pickaxe":3},"minecraft:mined":{"minecraft:waxed_cut_copper_slab":7,"minecraft:large_amethyst_bud":7,"minecraft:white_bed":7,"minecraft:sculk_vein":18,"minecraft:obsidian":24,"minecraft:granite":29,"minecraft:budding_amethyst":15,"minecraft:acacia_log":130,"minecraft:grass_block":106,"minecraft:chiseled_tuff_bricks":6,"minecraft:nether_wart":40,"minecraft:tuff_bricks":79,"minecraft:spawner":8,"minecraft:sculk_catalyst":2,"minecraft:iron_ore":383,"minecraft:cobbled_deepslate":83,"minecraft:fire":12,"minecraft:deepslate_lapis_ore":26,"minecraft:nether_brick_stairs":2,"minecraft:sculk_shrieker":2,"minecraft:pointed_dripstone":2,"minecraft:cave_vines":1,"minecraft:dirt_path":34,"minecraft:small_amethyst_bud":4,"minecraft:waxed_cut_copper":4,"minecraft:deepslate_redstone_ore":2,"minecraft:medium_amethyst_bud":3,"minecraft:amethyst_cluster":18,"minecraft:powder_snow":22,"minecraft:torch":42,"minecraft:poppy":6,"minecraft:calcite":20,"minecraft:chest":8,"minecraft:nether_quartz_ore":116,"minecraft:cobblestone":19,"minecraft:oak_planks":11,"minecraft:sugar_cane":19,"minecraft:waxed_chiseled_copper":3,"minecraft:wall_torch":60,"minecraft:amethyst_block":199,"minecraft:seagrass":1,"minecraft:waxed_copper_bulb":11,"minecraft:nether_wart_block":2,"minecraft:mud":4,"minecraft:birch_log":24,"minecraft:waxed_copper_block":22,"minecraft:oak_log":98,"minecraft:waxed_oxidized_copper":3,"minecraft:acacia_fence":50,"minecraft:sand":70,"minecraft:dirt":95,"minecraft:smooth_basalt":6,"minecraft:dispenser":1,"minecraft:netherrack":65,"minecraft:oak_leaves":7,"minecraft:deepslate":1170,"minecraft:suspicious_gravel":1,"minecraft:nether_gold_ore":10,"minecraft:diamond_ore":2,"minecraft:tuff":70,"minecraft:deepslate_diamond_ore":154,"minecraft:mangrove_roots":1,"minecraft:nether_bricks":67,"minecraft:glow_lichen":3,"minecraft:ladder":9,"minecraft:decorated_pot":13,"minecraft:white_stained_glass":1,"minecraft:birch_slab":1,"minecraft:spruce_leaves":1,"minecraft:cartography_table":1,"minecraft:sandstone":1,"minecraft:mangrove_propagule":1,"minecraft:hay_block":26,"minecraft:redstone_ore":2,"minecraft:waxed_oxidized_cut_copper":12,"minecraft:furnace":7,"minecraft:waxed_copper_grate":3,"minecraft:snow":6,"minecraft:andesite":73,"minecraft:chiseled_tuff":1,"minecraft:shroomlight":1,"minecraft:deepslate_iron_ore":285,"minecraft:rail":2,"minecraft:lantern":6,"minecraft:waxed_weathered_copper_bulb":3,"minecraft:stone":770,"minecraft:acacia_leaves":3,"minecraft:soul_sand":20,"minecraft:dandelion":10,"minecraft:oak_fence":3,"minecraft:crafting_table":6,"minecraft:cornflower":2,"minecraft:short_grass":305,"minecraft:sculk_sensor":12,"minecraft:copper_ore":6,"minecraft:tall_grass":40,"minecraft:deepslate_coal_ore":5,"minecraft:lapis_ore":16,"minecraft:deepslate_gold_ore":138,"minecraft:sculk":531,"minecraft:diorite":65,"minecraft:warped_wart_block":1,"minecraft:birch_planks":25,"minecraft:waxed_oxidized_copper_grate":4,"minecraft:birch_leaves":1,"minecraft:white_wall_banner":3,"minecraft:coal_ore":519,"minecraft:flower_pot":1,"minecraft:gravel":46,"minecraft:dripstone_block":14,"minecraft:cobweb":83,"minecraft:acacia_planks":58,"minecraft:gold_ore":34},"minecraft:killed_by":{"minecraft:blaze":1,"minecraft:zombie":3},"minecraft:custom":{"minecraft:interact_with_crafting_table":132,"minecraft:open_barrel":6,"minecraft:bell_ring":10,"minecraft:leave_game":13,"minecraft:time_since_death":156694,"minecraft:sprint_one_cm":4461740,"minecraft:damage_blocked_by_shield":12803,"minecraft:drop":288,"minecraft:talked_to_villager":14,"minecraft:play_time":1269487,"minecraft:deaths":8,"minecraft:jump":23713,"minecraft:interact_with_brewingstand":1,"minecraft:walk_on_water_one_cm":283135,"minecraft:interact_with_furnace":205,"minecraft:interact_with_cartography_table":4,"minecraft:sleep_in_bed":19,"minecraft:damage_dealt":66162,"minecraft:player_kills":1,"minecraft:crouch_one_cm":48091,"minecraft:inspect_dispenser":16,"minecraft:horse_one_cm":45746,"minecraft:interact_with_smoker":15,"minecraft:use_cauldron":2,"minecraft:interact_with_anvil":16,"minecraft:mob_kills":469,"minecraft:climb_one_cm":18628,"minecraft:walk_one_cm":3464778,"minecraft:sneak_time":20859,"minecraft:walk_under_water_one_cm":158493,"minecraft:boat_one_cm":783949,"minecraft:interact_with_blast_furnace":22,"minecraft:total_world_time":1269487,"minecraft:time_since_rest":32834,"minecraft:damage_taken":19664,"minecraft:damage_absorbed":150,"minecraft:swim_one_cm":219051,"minecraft:fly_one_cm":4368778,"minecraft:open_chest":480,"minecraft:fall_one_cm":566421,"minecraft:fish_caught":4},"minecraft:used":{"minecraft:tuff_bricks":22,"minecraft:iron_shovel":47,"minecraft:diamond_hoe":552,"minecraft:chest":37,"minecraft:shield":609,"minecraft:iron_sword":622,"minecraft:rotten_flesh":61,"minecraft:mutton":4,"minecraft:tuff":3,"minecraft:snowball":15,"minecraft:lava_bucket":18,"minecraft:lantern":9,"minecraft:golden_sword":1,"minecraft:red_stained_glass_pane":16,"minecraft:bow":156,"minecraft:furnace":9,"minecraft:egg":5,"minecraft:potato":18,"minecraft:diorite":11,"minecraft:oak_planks":105,"minecraft:red_stained_glass":3,"minecraft:stone_pickaxe":154,"minecraft:ender_pearl":1,"minecraft:golden_apple":4,"minecraft:glow_berries":14,"minecraft:acacia_door":2,"minecraft:bread":235,"minecraft:string":1,"minecraft:gravel":4,"minecraft:chiseled_tuff_bricks":1,"minecraft:diamond_sword":2170,"minecraft:wooden_sword":107,"minecraft:cooked_rabbit":1,"minecraft:andesite":28,"minecraft:oak_boat":2,"minecraft:acacia_log":1,"minecraft:trial_key":7,"minecraft:cooked_chicken":10,"minecraft:netherrack":14,"minecraft:torch":1004,"minecraft:dirt":55,"minecraft:spyglass":137,"minecraft:anvil":1,"minecraft:granite":10,"minecraft:wooden_axe":9,"minecraft:iron_axe":397,"minecraft:beef":3,"minecraft:cooked_beef":16,"minecraft:cobbled_deepslate":845,"minecraft:acacia_planks":149,"minecraft:wheat_seeds":1,"minecraft:cooked_mutton":25,"minecraft:acacia_boat":2,"minecraft:water_bucket":123,"minecraft:amethyst_block":48,"minecraft:rabbit":7,"minecraft:birch_planks":1,"minecraft:baked_potato":33,"minecraft:cartography_table":1,"minecraft:waxed_oxidized_cut_copper":1,"minecraft:waxed_copper_block":2,"minecraft:crafting_table":15,"minecraft:white_bed":8,"minecraft:cod":1,"minecraft:cornflower":2,"minecraft:diamond_pickaxe":3880,"minecraft:apple":1,"minecraft:iron_pickaxe":757,"minecraft:map":2,"minecraft:stone_axe":444,"minecraft:fishing_rod":11,"minecraft:cobblestone":439,"minecraft:porkchop":10,"minecraft:white_banner":4,"minecraft:cooked_porkchop":66,"minecraft:bucket":143},"minecraft:crafted":{"minecraft:red_stained_glass_pane":16,"minecraft:oak_planks":382,"minecraft:cooked_chicken":3,"minecraft:cooked_mutton":37,"minecraft:glass":64,"minecraft:diamond_helmet":3,"minecraft:diamond_leggings":2,"minecraft:iron_boots":4,"minecraft:chest":29,"minecraft:cooked_rabbit":1,"minecraft:cooked_porkchop":95,"minecraft:crafting_table":10,"minecraft:iron_helmet":4,"minecraft:baked_potato":14,"minecraft:copper_ingot":84,"minecraft:birch_planks":96,"minecraft:iron_chestplate":3,"minecraft:diamond_pickaxe":3,"minecraft:yellow_dye":10,"minecraft:shield":5,"minecraft:stick":376,"minecraft:iron_ingot":507,"minecraft:compass":2,"minecraft:iron_pickaxe":5,"minecraft:iron_block":3,"minecraft:acacia_door":3,"minecraft:gold_ingot":86,"minecraft:wooden_sword":2,"minecraft:iron_nugget":82,"minecraft:spyglass":2,"minecraft:diamond_hoe":1,"minecraft:furnace":6,"minecraft:glass_pane":16,"minecraft:lantern":8,"minecraft:iron_axe":2,"minecraft:stone_pickaxe":1,"minecraft:diamond_boots":2,"minecraft:wheat":234,"minecraft:cooked_beef":16,"minecraft:red_dye":6,"minecraft:diamond_sword":4,"minecraft:iron_sword":4,"minecraft:bucket":1,"minecraft:stone_axe":5,"minecraft:acacia_boat":2,"minecraft:bread":78,"minecraft:oak_boat":1,"minecraft:red_stained_glass":32,"minecraft:golden_apple":3,"minecraft:wooden_axe":2,"minecraft:iron_shovel":1,"minecraft:iron_leggings":3,"minecraft:anvil":1,"minecraft:white_bed":1,"minecraft:acacia_planks":480,"minecraft:torch":924,"minecraft:diamond_chestplate":1},"minecraft:dropped":{"minecraft:guster_pottery_sherd":1,"minecraft:acacia_boat":1,"minecraft:iron_sword":8,"minecraft:birch_planks":5,"minecraft:brown_mushroom":1,"minecraft:porkchop":4,"minecraft:cooked_beef":4,"minecraft:glow_ink_sac":7,"minecraft:diamond":10,"minecraft:crafting_table":2,"minecraft:weeping_vines":5,"minecraft:glow_berries":3,"minecraft:leather":3,"minecraft:iron_horse_armor":1,"minecraft:saddle":1,"minecraft:birch_slab":1,"minecraft:flint":6,"minecraft:dirt":239,"minecraft:snowball":6,"minecraft:amethyst_shard":74,"minecraft:iron_pickaxe":5,"minecraft:fishing_rod":1,"minecraft:white_wool":1,"minecraft:bone":14,"minecraft:gravel":49,"minecraft:compass":4,"minecraft:spyglass":2,"minecraft:chiseled_tuff_bricks":4,"minecraft:cobbled_deepslate":1,"minecraft:obsidian":24,"minecraft:pointed_dripstone":5,"minecraft:rotten_flesh":42,"minecraft:oak_planks":21,"minecraft:white_bed":1,"minecraft:rabbit_hide":2,"minecraft:tipped_arrow":2,"minecraft:gunpowder":45,"minecraft:melon_seeds":2,"minecraft:lingering_potion":1,"minecraft:leather_boots":1,"minecraft:chest":1,"minecraft:leather_leggings":1,"minecraft:arrow":5,"minecraft:warped_wart_block":1,"minecraft:netherrack":35,"minecraft:egg":3,"minecraft:enchanted_book":1,"minecraft:water_bucket":3,"minecraft:iron_ingot":128,"minecraft:bread":65,"minecraft:wheat_seeds":17,"minecraft:tnt":2,"minecraft:golden_horse_armor":2,"minecraft:dripstone_block":12,"minecraft:diamond_leggings":3,"minecraft:cobblestone":109,"minecraft:oak_fence":8,"minecraft:iron_helmet":5,"minecraft:amethyst_block":26,"minecraft:granite":49,"minecraft:copper_ingot":75,"minecraft:coal":120,"minecraft:golden_apple":1,"minecraft:stick":3,"minecraft:lava_bucket":1,"minecraft:diorite":51,"minecraft:torch":1,"minecraft:wooden_axe":1,"minecraft:nether_wart_block":9,"minecraft:waxed_oxidized_copper":1,"minecraft:diamond_helmet":2,"minecraft:potion":1,"minecraft:iron_leggings":5,"minecraft:white_banner":1,"minecraft:iron_axe":2,"minecraft:string":4,"minecraft:bucket":3,"minecraft:acacia_planks":132,"minecraft:dandelion":1,"minecraft:redstone":52,"minecraft:furnace":1,"minecraft:flow_pottery_sherd":1,"minecraft:stone_sword":3,"minecraft:tuff":13,"minecraft:raw_iron":10,"minecraft:iron_boots":3,"minecraft:iron_hoe":2,"minecraft:name_tag":4,"minecraft:filled_map":4,"minecraft:diamond_sword":4,"minecraft:shield":3,"minecraft:trial_key":1,"minecraft:diamond_chestplate":2,"minecraft:iron_chestplate":3,"minecraft:diamond_pickaxe":1,"minecraft:andesite":9,"minecraft:oak_sapling":1,"minecraft:waxed_oxidized_cut_copper":4,"minecraft:spider_eye":6,"minecraft:diamond_boots":1,"minecraft:bow":5,"minecraft:raw_gold":14,"minecraft:calcite":3,"minecraft:black_wool":1,"minecraft:brick":1,"minecraft:waxed_oxidized_copper_trapdoor":1},"minecraft:picked_up":{"minecraft:iron_chestplate":5,"minecraft:wheat":166,"minecraft:flower_pot":1,"minecraft:lead":2,"minecraft:diamond_sword":7,"minecraft:potion":2,"minecraft:enchanted_book":3,"minecraft:golden_sword":1,"minecraft:amethyst_block":194,"minecraft:string":139,"minecraft:waxed_cut_copper_slab":3,"minecraft:raw_copper":15,"minecraft:iron_leggings":4,"minecraft:shroomlight":1,"minecraft:diamond_leggings":6,"minecraft:gold_nugget":86,"minecraft:cobbled_deepslate":1330,"minecraft:bucket":5,"minecraft:trial_key":8,"minecraft:calcite":12,"minecraft:iron_pickaxe":7,"minecraft:iron_boots":2,"minecraft:furnace":10,"minecraft:tipped_arrow":9,"minecraft:stick":60,"minecraft:oak_fence":11,"minecraft:torch":448,"minecraft:acacia_log":128,"minecraft:porkchop":126,"minecraft:waxed_weathered_copper_bulb":3,"minecraft:waxed_copper_grate":3,"minecraft:pointed_dripstone":5,"minecraft:diorite":81,"minecraft:stone_sword":4,"minecraft:rotten_flesh":102,"minecraft:armadillo_scute":1,"minecraft:mangrove_roots":1,"minecraft:waxed_cut_copper":1,"minecraft:blaze_rod":18,"minecraft:obsidian":72,"minecraft:cod":2,"minecraft:snowball":21,"minecraft:cobblestone":790,"minecraft:birch_log":42,"minecraft:leather_chestplate":1,"minecraft:feather":5,"minecraft:cooked_beef":4,"minecraft:birch_slab":1,"minecraft:water_bucket":7,"minecraft:andesite":46,"minecraft:potato":8,"minecraft:flint":6,"minecraft:tuff":62,"minecraft:acacia_boat":1,"minecraft:lapis_lazuli":356,"minecraft:dirt":333,"minecraft:lantern":6,"minecraft:name_tag":4,"minecraft:bone":161,"minecraft:acacia_planks":347,"minecraft:bow":13,"minecraft:wheat_seeds":36,"minecraft:raw_gold":187,"minecraft:bolt_armor_trim_smithing_template":3,"minecraft:rabbit":7,"minecraft:diamond_helmet":3,"minecraft:oak_planks":72,"minecraft:scrape_pottery_sherd":1,"minecraft:cooked_porkchop":99,"minecraft:warped_wart_block":1,"minecraft:sand":66,"minecraft:nether_brick_stairs":3,"minecraft:iron_hoe":2,"minecraft:dispenser":1,"minecraft:diamond":162,"minecraft:waxed_oxidized_copper_grate":3,"minecraft:granite":59,"minecraft:crossbow":1,"minecraft:breeze_rod":10,"minecraft:golden_apple":4,"minecraft:emerald":25,"minecraft:golden_horse_armor":2,"minecraft:bread":314,"minecraft:music_disc_precipice":1,"minecraft:oak_sapling":2,"minecraft:netherrack":134,"minecraft:diamond_pickaxe":5,"minecraft:fishing_rod":1,"minecraft:waxed_oxidized_cut_copper":5,"minecraft:lingering_potion":1,"minecraft:mud":4,"minecraft:crafting_table":8,"minecraft:ominous_bottle":1,"minecraft:chicken":3,"minecraft:nether_wart":61,"minecraft:leather_leggings":1,"minecraft:brown_mushroom":1,"minecraft:brick":27,"minecraft:shield":8,"minecraft:cornflower":2,"minecraft:iron_axe":5,"minecraft:acacia_door":1,"minecraft:flint_and_steel":1,"minecraft:compass":3,"minecraft:iron_shovel":1,"minecraft:cartography_table":1,"minecraft:beef":23,"minecraft:oak_boat":2,"minecraft:poppy":6,"minecraft:chest":9,"minecraft:sugar_cane":46,"minecraft:waxed_oxidized_copper":1,"minecraft:egg":10,"minecraft:raw_iron":738,"minecraft:copper_ingot":64,"minecraft:flow_pottery_sherd":2,"minecraft:trident":1,"minecraft:redstone":62,"minecraft:tnt":2,"minecraft:arrow":333,"minecraft:weeping_vines":5,"minecraft:diamond_chestplate":6,"minecraft:decorated_pot":5,"minecraft:nether_bricks":30,"minecraft:diamond_boots":4,"minecraft:hay_block":26,"minecraft:gold_ingot":1,"minecraft:tuff_bricks":38,"minecraft:mutton":49,"minecraft:rail":10,"minecraft:white_wool":23,"minecraft:glow_ink_sac":20,"minecraft:salmon":2,"minecraft:leather":14,"minecraft:filled_map":4,"minecraft:birch_planks":86,"minecraft:waxed_copper_bulb":9,"minecraft:oak_log":130,"minecraft:waxed_copper_block":17,"minecraft:nether_wart_block":11,"minecraft:gunpowder":75,"minecraft:white_banner":4,"minecraft:cooked_mutton":20,"minecraft:rabbit_hide":3,"minecraft:iron_ingot":84,"minecraft:stone_pickaxe":3,"minecraft:cooked_chicken":5,"minecraft:iron_sword":6,"minecraft:soul_sand":20,"minecraft:smooth_basalt":5,"minecraft:quartz":194,"minecraft:dandelion":11,"minecraft:spyglass":6,"minecraft:dripstone_block":14,"minecraft:gravel":66,"minecraft:lava_bucket":1,"minecraft:amethyst_shard":148,"minecraft:white_bed":8,"minecraft:spider_eye":22,"minecraft:polished_tuff":3,"minecraft:leather_helmet":1,"minecraft:iron_helmet":5,"minecraft:gray_wool":1,"minecraft:oak_button":1,"minecraft:baked_potato":12,"minecraft:black_wool":2,"minecraft:mangrove_propagule":1,"minecraft:coal":651,"minecraft:chiseled_tuff_bricks":5,"minecraft:ender_pearl":2},"minecraft:killed":{"minecraft:cave_spider":8,"minecraft:spider":49,"minecraft:skeleton":111,"minecraft:chicken":3,"minecraft:magma_cube":5,"minecraft:piglin":2,"minecraft:pig":58,"minecraft:zombie_villager":4,"minecraft:iron_golem":1,"minecraft:creeper":14,"minecraft:sheep":33,"minecraft:trader_llama":2,"minecraft:zombie":99,"minecraft:stray":2,"minecraft:blaze":19,"minecraft:cow":11,"minecraft:drowned":3,"minecraft:rabbit":7,"minecraft:wandering_trader":1,"minecraft:frog":1,"minecraft:breeze":4,"minecraft:wither_skeleton":3,"minecraft:enderman":1}},"DataVersion":3953}