{"stats":{"minecraft:broken":{"minecraft:stone_pickaxe":1,"minecraft:stone_axe":5,"minecraft:iron_pickaxe":1},"minecraft:mined":{"minecraft:large_amethyst_bud":5,"minecraft:tuff":18,"minecraft:deepslate_diamond_ore":36,"minecraft:glow_lichen":2,"minecraft:budding_amethyst":12,"minecraft:acacia_log":76,"minecraft:grass_block":12,"minecraft:furnace":3,"minecraft:iron_ore":57,"minecraft:cobbled_deepslate":4,"minecraft:andesite":5,"minecraft:deepslate_lapis_ore":13,"minecraft:deepslate_iron_ore":60,"minecraft:rail":1,"minecraft:small_amethyst_bud":3,"minecraft:stone":88,"minecraft:acacia_leaves":3,"minecraft:amethyst_cluster":9,"minecraft:dandelion":1,"minecraft:oak_fence":2,"minecraft:crafting_table":3,"minecraft:torch":6,"minecraft:short_grass":189,"minecraft:calcite":16,"minecraft:tall_grass":21,"minecraft:cobblestone":4,"minecraft:lapis_ore":1,"minecraft:deepslate_gold_ore":41,"minecraft:sugar_cane":9,"minecraft:diorite":5,"minecraft:wall_torch":8,"minecraft:amethyst_block":118,"minecraft:seagrass":1,"minecraft:mud":4,"minecraft:birch_log":6,"minecraft:oak_log":5,"minecraft:coal_ore":104,"minecraft:gravel":6,"minecraft:dirt":16,"minecraft:cobweb":18,"minecraft:smooth_basalt":3,"minecraft:acacia_planks":2,"minecraft:gold_ore":1,"minecraft:oak_leaves":1,"minecraft:deepslate":230},"minecraft:killed_by":{"minecraft:zombie":2},"minecraft:used":{"minecraft:acacia_log":1,"minecraft:chest":3,"minecraft:shield":288,"minecraft:iron_sword":390,"minecraft:cooked_chicken":3,"minecraft:rotten_flesh":14,"minecraft:torch":213,"minecraft:dirt":13,"minecraft:spyglass":100,"minecraft:iron_axe":84,"minecraft:beef":1,"minecraft:furnace":5,"minecraft:egg":5,"minecraft:cooked_beef":16,"minecraft:cobbled_deepslate":105,"minecraft:acacia_planks":140,"minecraft:cooked_mutton":17,"minecraft:water_bucket":17,"minecraft:stone_pickaxe":154,"minecraft:golden_apple":1,"minecraft:crafting_table":5,"minecraft:white_bed":1,"minecraft:diamond_pickaxe":461,"minecraft:bread":13,"minecraft:string":1,"minecraft:iron_pickaxe":252,"minecraft:stone_axe":444,"minecraft:diamond_sword":432,"minecraft:cobblestone":14,"minecraft:cooked_porkchop":43,"minecraft:andesite":4,"minecraft:bucket":18},"minecraft:custom":{"minecraft:mob_kills":142,"minecraft:interact_with_crafting_table":68,"minecraft:leave_game":3,"minecraft:time_since_death":201524,"minecraft:climb_one_cm":1462,"minecraft:sprint_one_cm":1087099,"minecraft:walk_one_cm":764923,"minecraft:damage_blocked_by_shield":4757,"minecraft:drop":75,"minecraft:play_time":329936,"minecraft:sneak_time":5223,"minecraft:deaths":2,"minecraft:walk_under_water_one_cm":22376,"minecraft:jump":7084,"minecraft:walk_on_water_one_cm":101556,"minecraft:total_world_time":329936,"minecraft:interact_with_furnace":125,"minecraft:sleep_in_bed":5,"minecraft:time_since_rest":32167,"minecraft:damage_taken":6092,"minecraft:damage_absorbed":28,"minecraft:damage_dealt":20982,"minecraft:swim_one_cm":89579,"minecraft:player_kills":1,"minecraft:fly_one_cm":1564308,"minecraft:open_chest":78,"minecraft:crouch_one_cm":11037,"minecraft:fall_one_cm":191991},"minecraft:crafted":{"minecraft:oak_planks":20,"minecraft:iron_nugget":1,"minecraft:spyglass":2,"minecraft:cooked_chicken":3,"minecraft:furnace":3,"minecraft:cooked_mutton":24,"minecraft:diamond_helmet":1,"minecraft:diamond_leggings":1,"minecraft:iron_boots":3,"minecraft:iron_axe":1,"minecraft:stone_pickaxe":1,"minecraft:chest":3,"minecraft:diamond_boots":1,"minecraft:cooked_beef":16,"minecraft:diamond_sword":1,"minecraft:cooked_porkchop":48,"minecraft:crafting_table":2,"minecraft:iron_helmet":3,"minecraft:iron_sword":3,"minecraft:copper_ingot":48,"minecraft:bucket":1,"minecraft:birch_planks":24,"minecraft:stone_axe":5,"minecraft:iron_chestplate":2,"minecraft:diamond_pickaxe":1,"minecraft:shield":1,"minecraft:stick":76,"minecraft:iron_ingot":86,"minecraft:iron_pickaxe":4,"minecraft:iron_leggings":2,"minecraft:white_bed":1,"minecraft:acacia_planks":292,"minecraft:torch":192,"minecraft:diamond_chestplate":1},"minecraft:dropped":{"minecraft:water_bucket":2,"minecraft:iron_sword":7,"minecraft:wheat_seeds":9,"minecraft:diamond":7,"minecraft:cobblestone":47,"minecraft:iron_helmet":4,"minecraft:oak_fence":4,"minecraft:glow_berries":3,"minecraft:amethyst_block":25,"minecraft:granite":43,"minecraft:coal":18,"minecraft:golden_apple":1,"minecraft:flint":1,"minecraft:stick":2,"minecraft:lava_bucket":1,"minecraft:dirt":44,"minecraft:diorite":3,"minecraft:iron_leggings":5,"minecraft:iron_pickaxe":3,"minecraft:acacia_planks":68,"minecraft:dandelion":1,"minecraft:bone":3,"minecraft:gravel":24,"minecraft:spyglass":2,"minecraft:stone_sword":2,"minecraft:tuff":1,"minecraft:rotten_flesh":27,"minecraft:iron_boots":3,"minecraft:iron_chestplate":3,"minecraft:melon_seeds":2,"minecraft:raw_gold":7,"minecraft:calcite":3,"minecraft:egg":1},"minecraft:picked_up":{"minecraft:mud":4,"minecraft:crafting_table":3,"minecraft:iron_chestplate":3,"minecraft:chicken":3,"minecraft:lead":2,"minecraft:shield":2,"minecraft:amethyst_block":115,"minecraft:string":29,"minecraft:acacia_door":1,"minecraft:raw_copper":5,"minecraft:iron_axe":2,"minecraft:iron_leggings":3,"minecraft:cobbled_deepslate":264,"minecraft:beef":21,"minecraft:calcite":12,"minecraft:iron_pickaxe":3,"minecraft:sugar_cane":22,"minecraft:furnace":3,"minecraft:iron_boots":1,"minecraft:egg":8,"minecraft:stick":14,"minecraft:raw_iron":183,"minecraft:oak_fence":4,"minecraft:torch":65,"minecraft:acacia_log":74,"minecraft:porkchop":63,"minecraft:diorite":7,"minecraft:redstone":7,"minecraft:stone_sword":2,"minecraft:arrow":32,"minecraft:rotten_flesh":37,"minecraft:armadillo_scute":1,"minecraft:mutton":32,"minecraft:rail":1,"minecraft:white_wool":20,"minecraft:cobblestone":112,"minecraft:birch_log":6,"minecraft:feather":5,"minecraft:glow_ink_sac":4,"minecraft:water_bucket":3,"minecraft:andesite":13,"minecraft:leather":12,"minecraft:flint":1,"minecraft:tuff":12,"minecraft:oak_log":5,"minecraft:gunpowder":3,"minecraft:lapis_lazuli":176,"minecraft:dirt":73,"minecraft:bone":36,"minecraft:acacia_planks":189,"minecraft:bow":2,"minecraft:wheat_seeds":22,"minecraft:raw_gold":62,"minecraft:stone_pickaxe":3,"minecraft:iron_ingot":1,"minecraft:iron_sword":6,"minecraft:smooth_basalt":2,"minecraft:cooked_porkchop":45,"minecraft:dandelion":1,"minecraft:spyglass":1,"minecraft:gravel":24,"minecraft:amethyst_shard":42,"minecraft:spider_eye":2,"minecraft:diamond":42,"minecraft:iron_helmet":4,"minecraft:granite":43,"minecraft:gray_wool":1,"minecraft:bread":34,"minecraft:black_wool":1,"minecraft:coal":128},"minecraft:killed":{"minecraft:cave_spider":1,"minecraft:spider":8,"minecraft:skeleton":23,"minecraft:chicken":3,"minecraft:drowned":1,"minecraft:pig":31,"minecraft:zombie_villager":1,"minecraft:frog":1,"minecraft:wandering_trader":1,"minecraft:sheep":21,"minecraft:trader_llama":2,"minecraft:zombie":32,"minecraft:cow":10}},"DataVersion":3953}